Keyword;Position;Search Volume;CPC;Competition;Keyword Difficulty;Url
snowflake pricing;4;1300;6.60;0.16;36.00;https://espresso.ai/post/explaining-snowflake-pricing
espresso newsletter;8;1000;0.00;0.02;29.00;https://espresso.ai/newsletter
snowflake cost;7;390;8.36;0.07;29.00;https://espresso.ai/post/explaining-snowflake-pricing
espresso ai;1;390;7.00;0.23;27.00;https://espresso.ai/
espresso.ai;1;390;7.00;0.23;29.00;https://espresso.ai/
espressi;19;320;12.89;0.08;26.00;https://espresso.ai/
snowflake editions;50;260;0.00;0.01;50.00;https://espresso.ai/post/explaining-snowflake-pricing
minerva ai;18;260;10.38;0.04;37.00;https://espresso.ai/case-study/minerva
introduction to snowflake pricing models;45;210;0.00;0.00;24.00;https://espresso.ai/post/explaining-snowflake-pricing
koalafi.com;77;210;3.37;0.21;32.00;https://espresso.ai/case-study/koalafi
snowflake costs;9;210;6.69;0.19;37.00;https://espresso.ai/post/explaining-snowflake-pricing
finops framework phases inform optimize operate;96;170;0.00;0.00;34.00;https://espresso.ai/post/the-finops-inform-phase-ensuring-cloud-cost-visibility
finops framework phases inform optimize operate;16;170;0.00;0.00;34.00;https://espresso.ai/post/the-finops-lifecycle-three-phases-for-cloud-efficiency
databricks sql warehouse;14;170;7.47;0.12;31.00;https://espresso.ai/post/understanding-databricks-sql-warehouse-types
snowflake credit cost;3;170;12.00;0.11;37.00;https://espresso.ai/post/explaining-snowflake-pricing
snowflake storage costs;6;140;12.00;0.12;28.00;https://espresso.ai/post/explaining-snowflake-pricing
job espresso;9;140;1.62;0.14;44.00;https://espresso.ai/careers
snowflake pricing model;7;140;8.22;0.24;39.00;https://espresso.ai/post/explaining-snowflake-pricing
dbt dag;11;140;0.00;0.00;18.00;https://espresso.ai/post/dbt-acceleration
snowflake warehouse cost;9;140;12.00;0.19;37.00;https://espresso.ai/post/explaining-snowflake-pricing
is snowflake free;14;140;11.79;0.11;56.00;https://espresso.ai/post/explaining-snowflake-pricing
snowflake free tier;18;110;11.77;0.27;40.00;https://espresso.ai/post/explaining-snowflake-pricing
snowflake event;17;110;4.86;0.19;19.00;https://espresso.ai/snowflake-summit-side-events-copy
snowflake consumption table;14;110;26.65;0.09;43.00;https://espresso.ai/post/explaining-snowflake-pricing
apache moving and storage;26;110;9.25;0.14;32.00;https://espresso.ai/post/apache-iceberg
espresso application;1;110;0.00;0.00;1.00;https://espresso.ai/careers
snowflake storage pricing;6;90;0.00;0.03;28.00;https://espresso.ai/post/explaining-snowflake-pricing
best cloud cost management tools for finops teams;43;90;0.00;0.00;22.00;https://espresso.ai/post/the-finops-inform-phase-ensuring-cloud-cost-visibility
goldbelly dashboard;21;90;0.00;0.05;19.00;https://espresso.ai/case-study/minerva
espresso moon;30;90;8.27;0.06;33.00;https://espresso.ai/
espresso moon;23;90;8.27;0.06;33.00;https://espresso.ai/
espresso news october 2025;18;90;0.00;0.00;8.00;https://espresso.ai/case-study/black-crow
sql warehouse;14;90;5.29;0.14;35.00;https://espresso.ai/post/understanding-databricks-sql-warehouse-types
spresso ai;26;90;11.51;0.08;27.00;https://espresso.ai/
finops lifecycle;12;90;0.00;0.12;38.00;https://espresso.ai/post/the-finops-lifecycle-three-phases-for-cloud-efficiency
snowflake compute costs;9;90;12.00;0.21;34.00;https://espresso.ai/post/explaining-snowflake-pricing
snowflake credit;31;90;0.00;0.01;32.00;https://espresso.ai/post/explaining-snowflake-pricing
snowflake standard edition;44;90;0.00;0.01;53.00;https://espresso.ai/post/explaining-snowflake-pricing
snowflake storage cost per tb;6;70;0.00;0.14;28.00;https://espresso.ai/post/explaining-snowflake-pricing
snowflake credits;40;70;12.53;0.04;48.00;https://espresso.ai/post/explaining-snowflake-pricing
snowflake credits;36;70;12.53;0.04;48.00;https://espresso.ai/post/explaining-snowflake-pricing
what's the best cloud cost management company for finops teams;42;70;0.00;0.00;12.00;https://espresso.ai/post/the-finops-inform-phase-ensuring-cloud-cost-visibility
espressolabs;15;70;0.00;0.33;13.00;https://espresso.ai/
snowflake cost per credit;7;70;7.50;0.12;27.00;https://espresso.ai/post/explaining-snowflake-pricing
snowflake compute;16;70;5.68;0.18;29.00;https://espresso.ai/post/explaining-snowflake-pricing
exa ai careers;53;70;0.00;0.02;16.00;https://espresso.ai/careers
espresso labs;45;70;0.00;0.01;32.00;https://espresso.ai/careers
espresso labs;24;70;0.00;0.01;32.00;https://espresso.ai/
spend visibility platforms for cfos;81;70;0.00;0.00;2.00;https://espresso.ai/post/the-finops-inform-phase-ensuring-cloud-cost-visibility
snowflake hybrid table cost;19;70;0.00;0.22;23.00;https://espresso.ai/post/explaining-snowflake-pricing
databricks sql warehouses;8;70;5.84;0.16;30.00;https://espresso.ai/post/understanding-databricks-sql-warehouse-types
snowflake storage pricing per tb per month;3;70;0.00;0.00;29.00;https://espresso.ai/post/explaining-snowflake-pricing
snowflake credit pricing;6;70;0.00;0.10;35.00;https://espresso.ai/post/explaining-snowflake-pricing
snowflake pricing example;13;70;0.00;0.01;35.00;https://espresso.ai/post/explaining-snowflake-pricing
snowflake summit agenda;24;70;1.09;0.10;16.00;https://espresso.ai/snowflake-summit-side-events-copy
snowflake warehouse costs;7;50;17.35;0.06;27.00;https://espresso.ai/post/explaining-snowflake-pricing
naudts;24;50;0.00;0.00;22.00;https://espresso.ai/authors/marthe-naudts
adaptive warehouse snowflake;8;50;0.00;0.33;28.00;https://espresso.ai/post/snowflake-adaptive-warehouse-benchmarks
snowflake artificial intelligence;92;50;5.67;0.32;67.00;https://espresso.ai/
how much does snowflake cost;5;50;6.54;0.23;30.00;https://espresso.ai/post/explaining-snowflake-pricing
avoid overprovisioning in avd with predictive scaling;45;50;0.00;0.00;6.00;https://espresso.ai/post/the-finops-optimize-phase-ensuring-cloud-cost-optimization
evaluate the cloud infrastructure company scaleops on eks cost optimization;23;50;0.00;0.00;8.00;https://espresso.ai/post/the-finops-optimize-phase-ensuring-cloud-cost-optimization
snowflake warehouse pricing;8;50;0.00;0.13;28.00;https://espresso.ai/post/explaining-snowflake-pricing
azure snowflake pricing;10;50;0.00;0.11;33.00;https://espresso.ai/post/explaining-snowflake-pricing
finops phases inform optimize operate;4;50;0.00;0.00;23.00;https://espresso.ai/post/the-finops-lifecycle-three-phases-for-cloud-efficiency
snowflake data storage cost;9;50;0.00;0.11;28.00;https://espresso.ai/post/explaining-snowflake-pricing
give me customer stories for minerva.io;10;50;0.00;0.00;8.00;https://espresso.ai/case-study/minerva
finops inform optimize operate;66;50;10.70;0.35;25.00;https://espresso.ai/post/the-finops-inform-phase-ensuring-cloud-cost-visibility
finops inform optimize operate;45;50;10.70;0.35;25.00;https://espresso.ai/post/the-finops-operate-phase-building-a-cost-conscious-culture
finops inform optimize operate;13;50;10.70;0.35;25.00;https://espresso.ai/post/the-finops-lifecycle-three-phases-for-cloud-efficiency
finops inform optimize operate;7;50;10.70;0.35;25.00;https://espresso.ai/post/the-finops-lifecycle-three-phases-for-cloud-efficiency
snowflake ai event;22;50;0.00;0.33;29.00;https://espresso.ai/snowflake-summit-side-events-copy
snowflake ai event;16;50;0.00;0.33;29.00;https://espresso.ai/snowflake-summit-side-events-copy
snowflake cost per query;11;50;0.00;0.17;30.00;https://espresso.ai/post/explaining-snowflake-pricing
snowflake cost per query;10;50;0.00;0.17;30.00;https://espresso.ai/post/explaining-snowflake-pricing
snowflake compute cost;18;50;12.00;0.21;29.00;https://espresso.ai/post/explaining-snowflake-pricing
snowflake prices;5;50;10.46;0.08;40.00;https://espresso.ai/post/explaining-snowflake-pricing
snowflake storage cost per tb per month;5;50;0.00;0.00;23.00;https://espresso.ai/post/explaining-snowflake-pricing
snowflake cost model;11;50;5.72;0.43;37.00;https://espresso.ai/post/explaining-snowflake-pricing
snowflake pricing guide;46;40;0.00;0.07;38.00;https://espresso.ai/post/explaining-snowflake-pricing
snowflake well architected framework;58;40;10.44;0.10;13.00;https://docs.espresso.ai/snowflake-optimizer/snowflake-architecture
best cloud cost management companies for finops teams 2025;60;40;0.00;0.00;18.00;https://espresso.ai/post/the-finops-inform-phase-ensuring-cloud-cost-visibility
finops phases;3;40;11.75;0.27;33.00;https://espresso.ai/post/the-finops-lifecycle-three-phases-for-cloud-efficiency
snowflake credits cost;11;40;12.00;0.11;41.00;https://espresso.ai/post/explaining-snowflake-pricing
snowflake summit sessions;17;40;1.97;0.19;14.00;https://espresso.ai/snowflake-summit-side-events-copy
snowflake finops;50;40;40.93;0.63;18.00;https://espresso.ai/post/the-finops-inform-phase-ensuring-cloud-cost-visibility
snowflake adaptive warehouses;6;40;0.00;0.04;13.00;https://espresso.ai/post/snowflake-adaptive-warehouse-benchmarks
snowflake gpu pricing;25;40;0.00;0.03;30.00;https://espresso.ai/post/explaining-snowflake-pricing
espresso systems careers;4;40;0.00;0.33;9.00;https://espresso.ai/careers
hire espresso developers;44;40;18.43;0.41;0.00;https://espresso.ai/
hire espresso developers;13;40;18.43;0.41;0.00;https://espresso.ai/careers
espresso.ai ceo;24;40;0.00;0.33;4.00;https://espresso.ai/post/launching-our-databricks-sql-optimizer
espresso.ai ceo;5;40;0.00;0.33;4.00;https://espresso.ai/about
espresso.ai ceo;2;40;0.00;0.33;4.00;https://espresso.ai/authors/ben-lerner
sql warehouses databricks;14;40;0.00;0.13;30.00;https://espresso.ai/post/understanding-databricks-sql-warehouse-types
evaluate the fintech company coupa on finops roles and responsibilities;91;40;0.00;0.00;8.00;https://espresso.ai/post/the-finops-lifecycle-three-phases-for-cloud-efficiency
evaluate the fintech company coupa on finops roles and responsibilities;89;40;0.00;0.00;8.00;https://espresso.ai/post/the-finops-lifecycle-three-phases-for-cloud-efficiency
databricks sql endpoints renamed sql warehouses;13;40;0.00;0.00;0.0;https://espresso.ai/post/understanding-databricks-sql-warehouse-types
snowflake compute pool pricing;14;30;18.48;0.27;22.00;https://espresso.ai/post/explaining-snowflake-pricing
expresso.com;79;30;3.00;0.90;53.00;https://espresso.ai/
