keyword,volume,kd,competition,cpc,intent,llm_score,cluster,cluster_size,source
what is dbt,14800,71.0,0.17,0.5,1,0.7725,dbt,3,questions_dbt.csv
is dbt an etl tool,50,9.0,0.04,0.0,1,0.7282,dbt etl,1,questions_dbt.csv
how to use streamlit,110,30.0,0.09,1.51,1,0.7265,streamlit use,1,related_snowflake_credits.csv
is dbt free,110,11.0,0.12,8.19,1,0.724,dbt free,1,questions_dbt.csv
what is ro dbt,140,12.0,0.07,2.0,1,0.7219,dbt ro,1,questions_dbt.csv
is snowflake a data warehouse,320,15.0,0.01,0.0,1,0.7168,data warehouse,40,broad_snowflake_warehouse.csv
how to install dbt,50,15.0,0.15,11.6,1,0.7132,dbt install,1,questions_dbt.csv
what is a dbt model,70,16.0,0.03,1.36,1,0.7109,dbt model,1,questions_dbt.csv
what is data mart,320,38.0,0.06,1.06,1,0.7093,data mart,4,related_snowflake_warehouse.csv
is dbt open source,110,17.0,0.05,7.06,"1,0",0.709,dbt open,1,questions_dbt.csv
what skill dbt,260,21.0,0.0,0.0,1,0.701,dbt skill,1,questions_dbt.csv
how skills dbt,140,21.0,0.15,0.0,1,0.6994,dbt skills,2,questions_dbt.csv
what and how skills dbt,140,21.0,0.27,1.59,1,0.6994,dbt skills,2,questions_dbt.csv
what is snowflake data warehouse,50,42.0,0.19,2.06,1,0.6957,data warehouse,40,broad_snowflake_warehouse.csv
how to do a chain analysis dbt,50,22.0,0.14,0.0,1,0.6957,chain do,1,questions_dbt.csv
how mwaa works with dbt,320,25.0,0.0,0.0,1,0.6918,mwaa works,1,questions_dbt.csv
what is snowflake used for,480,26.0,0.1,1.58,1,0.6915,used,1,related_snowflake_architecture_2026-06-18.csv
what is radical acceptance in dbt,90,25.0,0.0,0.0,1,0.6887,acceptance radical,1,questions_dbt.csv
what is dbt fusion,70,25.0,0.0,0.0,1,0.6884,dbt fusion,1,questions_dbt.csv
what is the difference between cbt and dbt,70,25.0,0.0,0.0,1,0.6884,between difference,2,questions_dbt.csv
what is dbt therapy,8100,69.0,0.27,0.49,1,0.687,dbt therapy,1,questions_dbt.csv
what is dbt in data engineering,1000,33.0,0.2,2.2,1,0.681,data dbt,5,questions_dbt.csv
what is dbt core,70,28.0,0.08,0.0,1,0.6809,core dbt,1,questions_dbt.csv
what is dbt in data,170,29.0,0.06,2.15,1,0.6798,data dbt,5,questions_dbt.csv
what is dbt cloud,90,30.0,0.07,3.57,1,0.6762,cloud dbt,1,questions_dbt.csv
what is dbt tool,140,34.0,0.11,2.55,1,0.6669,dbt tool,1,questions_dbt.csv
what is snowflake database,1000,40.0,0.17,1.9,1,0.6635,database,2,related_snowflake_architecture_2026-06-18.csv
how much does snowflake cost,70,37.0,0.23,5.71,1,0.6584,does much,19,questions_snowflake_cost.csv
what is dbt data,590,40.0,0.06,2.6,1,0.658,data dbt,5,questions_dbt.csv
how long is dbt therapy,110,38.0,0.0,0.0,1,0.6565,dbt long,1,questions_dbt.csv
what is dbt database,110,38.0,0.06,2.6,1,0.6565,database dbt,1,questions_dbt.csv
how to use dbt,70,40.0,0.12,1.12,1,0.6509,dbt use,1,questions_dbt.csv
what is dbt software,90,43.0,0.08,5.1,1,0.6437,dbt software,1,questions_dbt.csv
what does snowflake do,1600,52.0,0.07,1.47,1,0.6416,do does,1,related_snowflake_architecture_2026-06-18.csv
what are data lakes,480,46.0,0.26,0.87,1,0.6415,are data,1,related_snowflake_warehouse.csv
what is dbt data engineering,110,45.0,0.17,2.98,1,0.639,data dbt,5,questions_dbt.csv
is snowflake a buy,90,25.0,0.07,2.54,"1,3",0.6387,buy,1,related_snowflake_pricing.csv
what is dbt data build tool,140,46.0,0.17,5.56,1,0.6369,data dbt,5,questions_dbt.csv
what does dbt stands for,320,48.0,0.04,0.67,1,0.6343,dbt does,8,questions_dbt.csv
what are dbt skills,210,50.0,0.0,0.0,1,0.6278,are dbt,1,questions_dbt.csv
does aws rds proxy support sql server,50,50.0,0.0,0.0,1,0.6257,aws does,2,related_database_proxy_2026-06-18.csv
what is dbt labs,140,51.0,0.0,0.0,1,0.6244,dbt labs,1,questions_dbt.csv
what does dbt labs do,110,51.0,0.04,0.0,1,0.624,dbt does,8,questions_dbt.csv
when was dbt created,140,52.0,0.0,0.0,1,0.6219,was when,1,questions_dbt.csv
how to become a dbt therapist,50,13.0,0.61,7.78,1,0.6182,become dbt,1,questions_dbt.csv
what is dbt used for data,90,36.0,0.33,0.0,1,0.6112,dbt used,2,questions_dbt.csv
what does dbt stand for in therapy,110,58.0,0.0,0.0,1,0.6065,dbt does,8,questions_dbt.csv
what is queed,260,0.0,0.0,0.0,,0.6035,queed,1,competitor_select_dev.csv
does kiwbo.com have a blog,210,0.0,0.0,0.0,,0.6028,does kiwbo,1,competitor_keebo_ai.csv
what is dbt for,70,60.0,0.0,0.0,1,0.6009,dbt,3,questions_dbt.csv
how to do performance tuning in snowflake,30,0.0,0.14,0.0,,0.6004,do performance,1,questions_snowflake_performance_tuning_2026-06-18.csv
how do ai agents optimize snowflake warehouses,30,0.0,0.0,0.0,,0.6004,ai do,1,questions_snowflake_warehouse.csv
how does snowflake pricing work,20,0.0,0.11,11.5,,0.6003,does pricing,1,questions_snowflake_pricing.csv
can ai manage snowflake credits automatically,20,0.0,0.0,0.0,,0.6003,ai can,1,broad_snowflake_credits.csv
how much do snowflake credits cost,20,0.0,0.05,0.0,,0.6003,do much,2,broad_snowflake_credits.csv
how much does a snowflake credit cost,20,0.0,0.01,0.0,,0.6003,does much,19,broad_snowflake_credits.csv
how much is a snowflake credit,20,0.0,0.04,0.0,,0.6003,credit much,1,broad_snowflake_credits.csv
how much does a snowflake eel cost,20,0.0,0.14,0.0,,0.6003,does much,19,questions_snowflake_cost.csv
how much does snowflake adoption cost,20,0.0,0.24,0.0,,0.6003,does much,19,questions_snowflake_cost.csv
how to lower snowflake query cost,20,0.0,0.0,0.0,,0.6003,lower query,1,questions_snowflake_cost.csv
what is a credit in snowflake,20,0.0,0.02,0.0,,0.6003,credit,4,questions_snowflake_credits.csv
what is snowflake credit,20,0.0,0.1,0.0,,0.6003,credit,4,questions_snowflake_credits.csv
how to automate snowflake data warehouse development,20,0.0,0.0,0.0,,0.6003,automate data,1,questions_snowflake_warehouse.csv
is snowflake a data lake or data warehouse,20,0.0,0.06,0.0,,0.6003,data lake,12,questions_snowflake_warehouse.csv
is snowflake a data warehouse or data lake,20,0.0,0.01,0.0,,0.6003,data warehouse,40,questions_snowflake_warehouse.csv
is snowflake data warehouse,20,0.0,0.01,0.0,,0.6003,data warehouse,40,questions_snowflake_warehouse.csv
what is a snowflake data warehouse,20,0.0,0.07,0.0,,0.6003,data warehouse,40,questions_snowflake_warehouse.csv
what is a snowflake warehouse,20,0.0,0.02,0.0,,0.6003,warehouse,6,questions_snowflake_warehouse.csv
what is a virtual warehouse in snowflake,20,0.0,0.04,0.0,,0.6003,virtual warehouse,5,questions_snowflake_warehouse.csv
what is a warehouse in snowflake,20,0.0,0.02,0.0,,0.6003,warehouse,6,questions_snowflake_warehouse.csv
what is snowflake schema in data warehouse,20,0.0,0.1,0.0,,0.6003,data schema,1,questions_snowflake_warehouse.csv
what is warehouse in snowflake,20,0.0,0.02,0.0,,0.6003,warehouse,6,questions_snowflake_warehouse.csv
how to automate snowflake cost optimization,10,0.0,0.0,0.0,,0.6001,automate cost,1,broad_snowflake_cost_optimization.csv
how do customer data platforms compare using snowflake architecture,10,0.0,0.0,0.0,,0.6001,customer do,1,questions_snowflake_architecture_2026-06-18.csv
what are the four layers of snowflake's architecture,10,0.0,0.0,0.0,,0.6001,are four,2,questions_snowflake_architecture_2026-06-18.csv
how to calculate the cost of snowflake cortex code,10,0.0,0.0,0.0,,0.6001,calculate cost,2,questions_snowflake_cost.csv
how to calculate the cost of snowflake openflow,10,0.0,0.0,0.0,,0.6001,calculate cost,2,questions_snowflake_cost.csv
how to find out the cost of snowflake openflow,10,0.0,0.0,0.0,,0.6001,find out,1,questions_snowflake_cost.csv
how to monitor snowflake usage cost,10,0.0,0.0,0.0,,0.6001,monitor usage,1,questions_snowflake_cost.csv
what are the cost considerations during a snowflake migration,10,0.0,0.0,0.0,,0.6001,are cost,1,questions_snowflake_cost.csv
what are the leading tools for snowflake cost visibility,10,0.0,0.0,0.0,,0.6001,are leading,1,questions_snowflake_cost.csv
how to optimize snowflake credits using ai,10,0.0,0.0,0.0,,0.6001,credits optimize,1,questions_snowflake_credits.csv
how to organize snowflake computing warehouse,10,0.0,0.0,0.0,,0.6001,computing organize,1,questions_snowflake_warehouse.csv
should i put security logs in our existing snowflake warehouse,10,0.0,0.0,0.0,,0.6001,i should,1,questions_snowflake_warehouse.csv
which businesses use snowflake data warehouse,10,0.0,0.0,0.0,,0.6001,businesses which,1,questions_snowflake_warehouse.csv
which companies use snowflake data warehouse,10,0.0,0.0,0.0,,0.6001,companies which,2,questions_snowflake_warehouse.csv
which organizations use snowflake data warehouse,10,0.0,0.0,0.0,,0.6001,organizations which,2,questions_snowflake_warehouse.csv
how do the pricing models of databricks and snowflake compare,0,0.0,0.0,0.0,,0.6,do pricing,1,questions_snowflake_pricing.csv
how does snowflake consumption pricing work,0,0.0,0.0,0.0,,0.6,consumption does,1,questions_snowflake_pricing.csv
how snowflake pricing works,0,0.0,0.0,0.0,,0.6,pricing works,1,questions_snowflake_pricing.csv
is it snowflake query optimization best practices,0,0.0,0.0,0.0,,0.6,it query,1,questions_snowflake_best_practices_2026-06-18.csv
what are the best practices for implementing snowflake identity resolution,0,0.0,0.0,0.0,,0.6,are best,5,questions_snowflake_best_practices_2026-06-18.csv
what are the best practices for managing snowflake stages,0,0.0,0.0,0.0,,0.6,are best,5,questions_snowflake_best_practices_2026-06-18.csv
what are the best practices for scheduling tasks in snowflake,0,0.0,0.0,0.0,,0.6,are best,5,questions_snowflake_best_practices_2026-06-18.csv
what are the best practices for using ctes in snowflake,0,0.0,0.0,0.0,,0.6,are best,5,questions_snowflake_best_practices_2026-06-18.csv
can you scrape linkedin with a database proxy,0,0.0,0.0,0.0,,0.6,can you,1,questions_database_proxy_2026-06-18.csv
does aws aurora serverless proxy database connections,0,0.0,0.0,0.0,,0.6,aws does,2,questions_database_proxy_2026-06-18.csv
does rds proxy automatically reuse database connections,0,0.0,0.0,0.0,,0.6,does rds,1,questions_database_proxy_2026-06-18.csv
how to find a proxy document on the edgar database,0,0.0,0.0,0.0,,0.6,find proxy,1,questions_database_proxy_2026-06-18.csv
how to set up database on proxy server,0,0.0,0.0,0.0,,0.6,set up,1,questions_database_proxy_2026-06-18.csv
what is connection database proxy,0,0.0,0.0,0.0,,0.6,connection database,1,questions_database_proxy_2026-06-18.csv
what is database procedure proxy in hana,0,0.0,0.0,0.0,,0.6,database procedure,2,questions_database_proxy_2026-06-18.csv
what is database procedure proxy in sap,0,0.0,0.0,0.0,,0.6,database procedure,2,questions_database_proxy_2026-06-18.csv
what is proxy database,0,0.0,0.0,0.0,,0.6,database proxy,5,questions_database_proxy_2026-06-18.csv
what is proxy used in feching database,0,0.0,0.0,0.0,,0.6,proxy used,1,questions_database_proxy_2026-06-18.csv
what is unity connection database proxy,0,0.0,0.0,0.0,,0.6,connection unity,1,questions_database_proxy_2026-06-18.csv
how does snowflake's architecture differ from traditional data warehouses,0,0.0,0.0,0.0,,0.6,does s,4,questions_snowflake_architecture_2026-06-18.csv
how does snowflake's architecture differ from traditional database architectures,0,0.0,0.0,0.0,,0.6,does s,4,questions_snowflake_architecture_2026-06-18.csv
how does snowflake's hybrid architecture improve performance,0,0.0,0.0,0.0,,0.6,does s,4,questions_snowflake_architecture_2026-06-18.csv
how does snowflake's multi-cluster architecture improve performance,0,0.0,0.0,0.0,,0.6,does s,4,questions_snowflake_architecture_2026-06-18.csv
how does snowflakes hybrid architecture improve performance,0,0.0,0.0,0.0,,0.6,does snowflakes,2,questions_snowflake_architecture_2026-06-18.csv
how does snowflakes multicluster architecture improve performance,0,0.0,0.0,0.0,,0.6,does snowflakes,2,questions_snowflake_architecture_2026-06-18.csv
what are the companies helpful in implementing snowflake architecture solutions,0,0.0,0.0,0.0,,0.6,are companies,1,questions_snowflake_architecture_2026-06-18.csv
what are the four layers of snowflakes architecture,0,0.0,0.0,0.0,,0.6,are four,2,questions_snowflake_architecture_2026-06-18.csv
what are the layers of the snowflake architecture,0,0.0,0.0,0.0,,0.6,are layers,1,questions_snowflake_architecture_2026-06-18.csv
how to reduce snowflake costs,0,0.0,0.0,0.0,,0.6,costs reduce,3,public_launch_seed_overview_2026-06-15.csv
how do you automate detection of high-cost queries in snowflake,0,0.0,0.0,0.0,,0.6,do you,1,questions_snowflake_cost.csv
how much do snowflake eels cost,0,0.0,0.0,0.0,,0.6,do much,2,questions_snowflake_cost.csv
how much does 32 credits cost in snowflake,0,0.0,0.0,0.0,,0.6,does much,19,questions_snowflake_cost.csv
how much does a 4 pound snowflake quartz cost,0,0.0,0.0,0.0,,0.6,does much,19,questions_snowflake_cost.csv
how much does a snowflake baby cost,0,0.0,0.0,0.0,,0.6,does much,19,questions_snowflake_cost.csv
how much does a snowflake clownfish cost,0,0.0,0.0,0.0,,0.6,does much,19,questions_snowflake_cost.csv
how much does deutzia yuki snowflake cost at bordines,0,0.0,0.0,0.0,,0.6,does much,19,questions_snowflake_cost.csv
how much does it cost to adopt a snowflake baby,0,0.0,0.0,0.0,,0.6,does much,19,questions_snowflake_cost.csv
how much does it cost to make a snowflake,0,0.0,0.0,0.0,,0.6,does much,19,questions_snowflake_cost.csv
how much does it cost to run snowflake,0,0.0,0.0,0.0,,0.6,does much,19,questions_snowflake_cost.csv
how much does snowflake certification cost,0,0.0,0.0,0.0,,0.6,does much,19,questions_snowflake_cost.csv
how much does snowflake cost per month,0,0.0,0.0,0.0,,0.6,does much,19,questions_snowflake_cost.csv
how much does snowflake lane cost,0,0.0,0.0,0.0,,0.6,does much,19,questions_snowflake_cost.csv
how much does strannahans snowflake cost,0,0.0,0.0,0.0,,0.6,does much,19,questions_snowflake_cost.csv
how much does the snowflake lift cost,0,0.0,0.0,0.0,,0.6,does much,19,questions_snowflake_cost.csv
how much snowflake cost,0,0.0,0.0,0.0,,0.6,cost much,1,questions_snowflake_cost.csv
how much will snowflake ipo cost,0,0.0,0.0,0.0,,0.6,much will,2,questions_snowflake_cost.csv
how much will snowflake stock cost,0,0.0,0.0,0.0,,0.6,much will,2,questions_snowflake_cost.csv
how to estimate snowflake future storage costs,0,0.0,0.0,0.0,,0.6,estimate future,1,questions_snowflake_cost.csv
how to evaluate snowflake cost optimization platforms tools,0,0.0,0.0,0.0,,0.6,cost evaluate,2,questions_snowflake_cost.csv
how to evaluate snowflake cost optimization vendors,0,0.0,0.0,0.0,,0.6,cost evaluate,2,questions_snowflake_cost.csv
how to optimize cost when using both databricks and snowflake,0,0.0,0.0,0.0,,0.6,cost optimize,1,questions_snowflake_cost.csv
how to reduce costs using snowflake,0,0.0,0.0,0.0,,0.6,costs reduce,3,questions_snowflake_cost.csv
is it snowflake cost optimization software,0,0.0,0.0,0.0,,0.6,cost it,1,questions_snowflake_cost.csv
is snowflake costly to do compute,0,0.0,0.0,0.0,,0.6,costly do,1,questions_snowflake_cost.csv
what are the best tools for managing snowflake costs,0,0.0,0.0,0.0,,0.6,are best,5,questions_snowflake_cost.csv
what are the key metrics for evaluating snowflake cost performance,0,0.0,0.0,0.0,,0.6,are key,1,questions_snowflake_cost.csv
what does it cost to use snowflake,0,0.0,0.0,0.0,,0.6,does it,1,questions_snowflake_cost.csv
what factors influence the cost of snowflake credits,0,0.0,0.0,0.0,,0.6,factors influence,1,questions_snowflake_cost.csv
what is snowflake cost optimization,0,0.0,0.0,0.0,,0.6,cost optimization,20,questions_snowflake_cost.csv
what is the cost of living in snowflake arizona,0,0.0,0.0,0.0,,0.6,cost living,1,questions_snowflake_cost.csv
why is mazda snowflake white pearl mica extra cost,0,0.0,0.0,0.0,,0.6,mazda why,1,questions_snowflake_cost.csv
how to clean snowflake query cache,0,0.0,0.0,0.0,,0.6,clean query,1,questions_snowflake_caching.csv
how to disable result cache in snowflake,0,0.0,0.0,0.0,,0.6,disable result,2,questions_snowflake_caching.csv
how do snowflake credits work,0,0.0,0.0,0.0,,0.6,credits do,1,questions_snowflake_credits.csv
how much is one credit snowflake storage,0,0.0,0.0,0.0,,0.6,much one,2,questions_snowflake_credits.csv
how much is one snowflake credit,0,0.0,0.0,0.0,,0.6,much one,2,questions_snowflake_credits.csv
how to reduce snowflake credit consumption,0,0.0,0.0,0.0,,0.6,credit reduce,1,questions_snowflake_credits.csv
is snowflakes the credits song of p4,0,0.0,0.0,0.0,,0.6,credits snowflakes,1,questions_snowflake_credits.csv
what are snowflake credits,0,0.0,0.0,0.0,,0.6,are credits,1,questions_snowflake_credits.csv
what causes snowflake credit overruns and how to prevent them,0,0.0,0.0,0.0,,0.6,causes credit,1,questions_snowflake_credits.csv
does snowflake data warehouse trade publicly,0,0.0,0.0,0.0,,0.6,data does,1,questions_snowflake_warehouse.csv
how does a snowflake warehouse adapt to increased workload,0,0.0,0.0,0.0,,0.6,does warehouse,1,questions_snowflake_warehouse.csv
how does snowflake differ from traditional data warehouses,0,0.0,0.0,0.0,,0.6,differ does,1,questions_snowflake_warehouse.csv
how many threads snowflake medium warehouse,0,0.0,0.0,0.0,,0.6,many threads,1,questions_snowflake_warehouse.csv
how to access snowflake data warehouse,0,0.0,0.0,0.0,,0.6,access data,1,questions_snowflake_warehouse.csv
how to assign warehouse to role in snowflake,0,0.0,0.0,0.0,,0.6,assign warehouse,1,questions_snowflake_warehouse.csv
how to check warehouse size in snowflake,0,0.0,0.0,0.0,,0.6,check warehouse,2,questions_snowflake_warehouse.csv
how to check warehouse timeout in snowflake,0,0.0,0.0,0.0,,0.6,check warehouse,2,questions_snowflake_warehouse.csv
how to create a data warehouse in snowflake,0,0.0,0.0,0.0,,0.6,create data,2,questions_snowflake_warehouse.csv
how to create a warehouse in snowflake trail account,0,0.0,0.0,0.0,,0.6,create warehouse,5,questions_snowflake_warehouse.csv
how to find warehouse in snowflake,0,0.0,0.0,0.0,,0.6,find warehouse,1,questions_snowflake_warehouse.csv
how to force warehouse snowflake to run,0,0.0,0.0,0.0,,0.6,force warehouse,1,questions_snowflake_warehouse.csv
how to get warehouse details in snowflake,0,0.0,0.0,0.0,,0.6,get warehouse,1,questions_snowflake_warehouse.csv
how to modernize legacy healthcare data warehouse with snowflake,0,0.0,0.0,0.0,,0.6,legacy modernize,2,questions_snowflake_warehouse.csv
how to modernize legacy warehouses with snowflake,0,0.0,0.0,0.0,,0.6,legacy modernize,2,questions_snowflake_warehouse.csv
how to setup warehouses in snowflake,0,0.0,0.0,0.0,,0.6,setup warehouses,1,questions_snowflake_warehouse.csv
how to use warehouse snowflake,0,0.0,0.0,0.0,,0.6,use warehouse,3,questions_snowflake_warehouse.csv
how warehouse usage affects snowflake bills,0,0.0,0.0,0.0,,0.6,usage warehouse,1,questions_snowflake_warehouse.csv
what are warehouses in snowflake,0,0.0,0.0,0.0,,0.6,are warehouses,1,questions_snowflake_warehouse.csv
what can snowflake warehouse do,0,0.0,0.0,0.0,,0.6,can warehouse,1,questions_snowflake_warehouse.csv
what is snowflake data warehouse faq,0,0.0,0.0,0.0,,0.6,data warehouse,40,questions_snowflake_warehouse.csv
what is snowflake data warehouse tech,0,0.0,0.0,0.0,,0.6,data warehouse,40,questions_snowflake_warehouse.csv
what is snowflake in data warehouse,0,0.0,0.05,0.0,,0.6,data warehouse,40,questions_snowflake_warehouse.csv
what is snowflake virtual warehouse,0,0.0,0.0,0.0,,0.6,virtual warehouse,5,questions_snowflake_warehouse.csv
what is snowflake warehouse name,0,0.0,0.0,0.0,,0.6,name warehouse,1,questions_snowflake_warehouse.csv
when can a virtual warehouse start running queries in snowflake,0,0.0,0.0,0.0,,0.6,can when,1,questions_snowflake_warehouse.csv
when to use snowflake schema in data warehouse,0,0.0,0.0,0.0,,0.6,use when,1,questions_snowflake_warehouse.csv
which companies are using snowflake data warehouse,0,0.0,0.0,0.0,,0.6,companies which,2,questions_snowflake_warehouse.csv
which firms use snowflake data warehouse,0,0.0,0.0,0.0,,0.6,firms which,1,questions_snowflake_warehouse.csv
which institutions use snowflake data warehouse,0,0.0,0.0,0.0,,0.6,institutions which,1,questions_snowflake_warehouse.csv
which organizations are using snowflake data warehouse,0,0.0,0.0,0.0,,0.6,organizations which,2,questions_snowflake_warehouse.csv
which snowflake is right for you warehouse,0,0.0,0.0,0.0,,0.6,right which,1,questions_snowflake_warehouse.csv
why snowflake dimension in data warehouse,0,0.0,0.0,0.0,,0.6,dimension why,1,questions_snowflake_warehouse.csv
how does dbt work,320,62.0,0.0,0.0,1,0.5993,dbt does,8,questions_dbt.csv
evaluate the data cost optimization company keebo on snowflake migration,40,1.0,0.0,0.0,1,0.598,data evaluate,3,related_snowflake_cost_optimization.csv
what is dbt used for,320,63.0,0.17,0.36,1,0.5968,dbt used,2,questions_dbt.csv
which cache caches the data used by sql queries,40,22.0,0.33,0.0,1,0.5955,cache which,1,related_snowflake_caching.csv
what does dialectical mean in dbt,170,63.0,0.0,0.0,1,0.5948,dialectical does,1,questions_dbt.csv
virtual warehouse,320,5.0,0.27,7.16,1,0.5918,virtual warehouse,5,related_snowflake_warehouse.csv
what does dbt mean,140,67.0,0.0,0.0,1,0.5844,dbt does,8,questions_dbt.csv
what does dbt therapy stand for,110,68.0,0.0,0.0,1,0.5815,dbt does,8,questions_dbt.csv
how to do dbt,90,48.0,0.56,1.05,1,0.5812,dbt do,1,questions_dbt.csv
is dbt evidence based,50,49.0,0.33,0.0,1,0.5782,dbt evidence,1,questions_dbt.csv
snowflake database vs warehouse,40,9.0,0.01,0.0,"1,0",0.578,database vs,1,broad_snowflake_warehouse.csv
what does dbt stand for,1600,78.0,0.0,0.0,1,0.5766,dbt does,8,questions_dbt.csv
what does dbt do,90,70.0,0.0,0.0,1,0.5762,dbt does,8,questions_dbt.csv
is snowflake free,140,52.0,0.11,11.79,1,0.5719,free,2,related_snowflake_credits.csv
data warehouse query optimization techniques,50,12.0,0.0,0.0,1,0.5707,data warehouse,40,related_snowflake_performance_tuning_2026-06-18.csv
what id dbt,210,73.0,0.17,0.5,1,0.5703,dbt id,1,questions_dbt.csv
warehouse 2.0,390,16.0,0.0,0.0,1,0.5653,warehouse,6,related_snowflake_warehouse.csv
big data vs data warehouse,210,18.0,0.1,0.0,"1,0",0.5578,big data,3,related_snowflake_warehouse.csv
how to select warehouse in snowflake,40,38.0,0.33,0.0,1,0.5555,select warehouse,1,broad_snowflake_warehouse.csv
data warehouse design,3600,18.0,0.3,3.84,1,0.5536,data warehouse,40,related_snowflake_best_practices_2026-06-18.csv
snowflake query profile documentation,50,19.0,0.0,0.0,1,0.5532,profile query,1,related_snowflake_performance_tuning_2026-06-18.csv
free snowflake vector,90,20.0,0.15,0.65,1,0.5512,free vector,1,related_snowflake_pricing.csv
why snowflake data warehouse,40,0.0,0.33,0.0,,0.5505,data why,1,questions_snowflake_warehouse.csv
why use snowflake data warehouse,40,0.0,0.33,0.0,,0.5505,use why,1,questions_snowflake_warehouse.csv
is snowflake a data warehouse or database,30,0.0,0.33,0.0,,0.5504,data warehouse,40,questions_snowflake_warehouse.csv
how much does 1 credit cost in snowflake,20,0.0,0.33,0.0,,0.5503,does much,19,broad_snowflake_credits.csv
how to clear cache in snowflake,20,0.0,0.33,0.0,,0.5503,cache clear,5,broad_snowflake_caching.csv
what is a database proxy,20,0.0,0.33,0.0,,0.5503,database proxy,5,questions_database_proxy_2026-06-18.csv
what is database proxy,20,0.0,0.33,0.0,,0.5503,database proxy,5,questions_database_proxy_2026-06-18.csv
is snowflake shared nothing architecture,20,0.0,0.33,0.0,,0.5503,nothing shared,1,questions_snowflake_architecture_2026-06-18.csv
how much does snowflake obsidian cost,20,0.0,0.43,0.0,,0.5503,does much,19,questions_snowflake_cost.csv
what is a snowflake credit,20,0.0,0.33,0.0,,0.5503,credit,4,questions_snowflake_credits.csv
how to create a warehouse in snowflake,20,0.0,0.33,0.0,,0.5503,create warehouse,5,questions_snowflake_warehouse.csv
how to create warehouse in snowflake,20,0.0,0.33,0.0,,0.5503,create warehouse,5,questions_snowflake_warehouse.csv
is snowflake a cloud data warehouse,20,0.0,0.33,0.0,,0.5503,cloud data,6,questions_snowflake_warehouse.csv
is snowflake a data lake or warehouse,20,0.0,0.33,0.0,,0.5503,data lake,12,questions_snowflake_warehouse.csv
is snowflake a database or data warehouse,20,0.0,0.33,0.0,,0.5503,database or,1,questions_snowflake_warehouse.csv
what is snowflake cloud data warehouse,20,0.0,0.33,0.0,,0.5503,cloud data,6,questions_snowflake_warehouse.csv
what is snowflake warehouse,20,0.0,0.33,0.0,,0.5503,warehouse,6,questions_snowflake_warehouse.csv
what is virtual warehouse in snowflake,20,0.0,0.33,0.0,,0.5503,virtual warehouse,5,questions_snowflake_warehouse.csv
how to create data warehouse in snowflake,10,0.0,0.43,0.0,,0.5501,create data,2,questions_snowflake_warehouse.csv
what is star schema and snowflake schema in data warehouse,10,0.0,0.33,0.0,,0.5501,schema star,1,questions_snowflake_warehouse.csv
security data lake,260,22.0,0.24,19.09,1,0.5485,data security,3,related_snowflake_architecture_2026-06-18.csv
seemoredata snowflake cost optimization,40,1.0,0.0,0.0,"1,3",0.548,cost seemoredata,1,related_snowflake_cost_optimization.csv
snowflake performance optimization,30,21.0,0.27,7.78,1,0.5479,optimization performance,2,related_snowflake_performance_tuning_2026-06-18.csv
vc backed startups optimizing cost on snowflake or databricks,70,2.0,0.0,0.0,1,0.5459,backed vc,1,related_snowflake_cost_optimization.csv
data warehouse architecture,880,27.0,0.2,4.53,"1,0",0.5444,data warehouse,40,related_snowflake_best_practices_2026-06-18.csv
types of data in data warehouse,140,23.0,0.06,3.15,1,0.5444,data types,2,related_snowflake_best_practices_2026-06-18.csv
what is a data lakehouse,480,45.0,0.47,2.34,1,0.544,data lakehouse,1,related_snowflake_warehouse.csv
data mart vs data lake,260,24.0,0.09,1.83,"1,0",0.5435,data mart,4,related_snowflake_warehouse.csv
snowflake cost management tool features,70,23.0,0.0,0.0,1,0.5434,cost management,6,related_snowflake_cost_optimization.csv
snowflake query optimizer,40,23.0,0.23,7.7,1,0.543,optimizer query,1,related_snowflake_performance_tuning_2026-06-18.csv
types of data warehouse,260,25.0,0.06,3.15,1,0.541,data types,2,related_snowflake_warehouse.csv
data lake vs data mart,170,25.0,0.09,1.83,"1,0",0.5398,data lake,12,related_snowflake_warehouse.csv
how to build a data warehouse,140,25.0,0.63,5.2,1,0.5394,build data,2,related_snowflake_best_practices_2026-06-18.csv
snowflake data warehouse,2400,38.0,0.19,3.81,1,0.5374,data warehouse,40,broad_snowflake_warehouse.csv
snowflake cost optimization tools,110,26.0,0.16,15.14,1,0.5365,cost optimization,20,related_snowflake_cost_optimization.csv
sqlproxy,90,26.0,0.01,0.0,1,0.5362,sqlproxy,1,related_database_proxy_2026-06-18.csv
snowflake pdf,260,27.0,0.01,6.2,1,0.536,pdf,1,related_snowflake_architecture_2026-06-18.csv
snowflake query performance,70,26.0,0.12,0.0,1,0.5359,performance query,4,related_snowflake_performance_tuning_2026-06-18.csv
is dbt down,50,6.0,0.33,0.0,2,0.5357,dbt down,1,questions_dbt.csv
snowflake query performance tuning,30,26.0,0.2,3.94,1,0.5354,performance query,4,related_snowflake_performance_tuning_2026-06-18.csv
dbt snowflake,1600,35.0,0.0,0.0,1,0.5341,dbt,3,refresh_primaries_2026-06-18.csv
aws_db_proxy,40,9.0,0.33,0.0,"1,2",0.528,aws db,1,related_database_proxy_2026-06-18.csv
data gateway,720,33.0,0.03,16.91,1,0.5272,data gateway,1,positioning_terms.csv
data mart vs data warehouse,880,34.0,0.08,1.23,"1,0",0.5269,data mart,4,related_snowflake_warehouse.csv
sql proxy,90,30.0,0.01,0.0,1,0.5262,proxy sql,2,positioning_terms.csv
snowflake compute costs,90,30.0,0.21,12.0,"1,3",0.5262,compute costs,1,related_snowflake_pricing.csv
snowflake queries,70,30.0,0.04,4.18,1,0.5259,queries,1,related_snowflake_performance_tuning_2026-06-18.csv
retail data warehouse design,140,11.0,0.0,0.0,1,0.5244,data retail,1,related_snowflake_best_practices_2026-06-18.csv
create snowflake,320,32.0,0.23,0.08,"1,2",0.5243,create,1,related_snowflake_warehouse.csv
data warehouse vs data mart,320,32.0,0.08,1.23,"1,0",0.5243,data warehouse,40,related_snowflake_warehouse.csv
snowflake dwh,390,33.0,0.19,3.81,1,0.5228,dwh,1,related_snowflake_warehouse.csv
data warehouse structure,140,32.0,0.25,2.69,1,0.5219,data warehouse,40,related_snowflake_best_practices_2026-06-18.csv
snowflake query insights expensive query detection,40,12.0,0.0,0.0,1,0.5205,insights query,3,related_snowflake_performance_tuning_2026-06-18.csv
cloud data platform,720,36.0,0.08,7.88,1,0.5197,cloud data,6,related_snowflake_architecture_2026-06-18.csv
data warehouse cost,90,13.0,0.45,7.6,1,0.5187,data warehouse,40,related_snowflake_pricing.csv
subscription plan storage cost calculation example,90,13.0,0.0,0.0,1,0.5187,plan subscription,1,related_snowflake_pricing.csv
rockset snowflake cost analyzer quickstart,40,13.0,0.0,0.0,1,0.518,cost rockset,2,related_snowflake_cost_optimization.csv
snowflake cloud data warehouse,210,34.0,0.04,4.36,1,0.5178,cloud data,6,broad_snowflake_warehouse.csv
snowflake search optimization,110,14.0,0.05,7.58,1,0.5165,optimization search,3,related_snowflake_performance_tuning_2026-06-18.csv
snowflake account usage,140,15.0,0.02,0.0,"1,2",0.5144,account usage,1,related_snowflake_credits.csv
snowflake snowflake,320,37.0,0.01,0.0,"1,3",0.5118,snowflake snowflake,1,related_snowflake_architecture_2026-06-18.csv
performance optimization in snowflake,30,16.0,0.43,5.83,1,0.5104,optimization performance,2,related_snowflake_performance_tuning_2026-06-18.csv
security in snowflake,140,37.0,0.01,0.0,1,0.5094,security,2,related_snowflake_best_practices_2026-06-18.csv
what is rds proxy,50,57.0,0.33,0.0,1,0.5082,proxy rds,7,related_database_proxy_2026-06-18.csv
best snowflake cost management tools 2025,170,8.0,0.0,0.0,0,0.5073,best cost,9,related_snowflake_cost_optimization.csv
rwd snowflake usage data warehousing,110,18.0,0.0,0.0,1,0.5065,rwd usage,2,related_snowflake_credits.csv
optimizing performance,70,38.0,0.03,1.07,1,0.5059,optimizing performance,1,related_snowflake_performance_tuning_2026-06-18.csv
snowflakes data warehouse,50,38.0,0.19,3.81,1,0.5057,data snowflakes,1,broad_snowflake_warehouse.csv
optimizing cost,40,39.0,0.24,207.05,1,0.503,cost optimizing,1,related_snowflake_cost_optimization.csv
snowflake cost optimization vendors,90,0.0,0.0,0.0,1,0.5012,cost optimization,20,related_snowflake_cost_optimization.csv
snowflake query optimization companies,50,0.0,0.0,0.0,1,0.5007,optimization query,3,related_snowflake_cost_optimization.csv
snowflakecostanalysis.com,50,20.0,0.0,0.0,1,0.5007,com snowflakecostanalysis,1,related_snowflake_cost_optimization.csv
what is snowflake architecture,20,0.0,0.66,3.18,,0.5003,architecture,2,questions_snowflake_architecture_2026-06-18.csv
what is data warehouse in snowflake,20,0.0,0.86,0.0,,0.5003,data warehouse,40,questions_snowflake_warehouse.csv
data lake tools,720,24.0,0.43,8.63,1,0.4997,data lake,12,related_snowflake_architecture_2026-06-18.csv
data warehouse diagram,140,41.0,0.02,0.0,1,0.4994,data warehouse,40,related_snowflake_best_practices_2026-06-18.csv
snowflake credits cost,40,41.0,0.11,12.0,"1,2",0.498,cost credits,1,broad_snowflake_credits.csv
snowflake consumption table,110,43.0,0.09,26.65,"1,3",0.494,consumption table,1,related_snowflake_credits.csv
snowflake query optimization,110,23.0,0.23,7.7,1,0.494,optimization query,3,related_snowflake_performance_tuning_2026-06-18.csv
seemore data snowflake cost optimization,90,3.0,0.0,0.0,1,0.4937,data seemore,2,related_snowflake_cost_optimization.csv
snowflake query insights features benefits,40,23.0,0.0,0.0,1,0.493,insights query,3,related_snowflake_performance_tuning_2026-06-18.csv
warehouse data,720,47.0,0.15,4.87,1,0.4922,data warehouse,40,related_snowflake_warehouse.csv
warehouse architecture,140,24.0,0.09,6.58,1,0.4919,architecture warehouse,1,related_snowflake_best_practices_2026-06-18.csv
snowflake pro,320,25.0,0.31,1.16,1,0.4918,pro,1,related_snowflake_architecture_2026-06-18.csv
proxy database,260,45.0,0.01,3.89,1,0.491,database proxy,5,related_database_proxy_2026-06-18.csv
equus capital partners snowflake power bi equus data warehouse,70,4.0,0.0,0.0,1,0.4909,capital equus,4,broad_snowflake_warehouse.csv
leading snowflake query optimization tools,40,4.0,0.0,0.0,1,0.4905,leading query,1,related_snowflake_cost_optimization.csv
large warehouse,210,5.0,0.12,2.11,1,0.4903,large warehouse,1,related_snowflake_credits.csv
data warehouse best practices,140,15.0,0.15,7.47,0,0.4894,data warehouse,40,related_snowflake_best_practices_2026-06-18.csv
snowflake quickstart,260,16.0,0.07,6.31,"2,0",0.4885,quickstart,1,related_snowflake_architecture_2026-06-18.csv
warehouse number 2,390,27.0,0.03,0.0,"1,3",0.4878,number warehouse,1,related_snowflake_credits.csv
data security in snowflake,140,26.0,0.33,0.0,1,0.4869,data security,3,related_snowflake_best_practices_2026-06-18.csv
snowflake warehouses,70,26.0,0.09,4.0,1,0.4859,warehouses,1,broad_snowflake_warehouse.csv
aws rds proxy sql server read write splitting,40,26.0,0.0,0.0,1,0.4855,aws rds,10,related_database_proxy_2026-06-18.csv
data ware house,210,47.0,0.15,4.87,1,0.4853,data ware,1,related_snowflake_warehouse.csv
web warehousing,210,27.0,0.02,0.0,1,0.4853,warehousing web,1,related_snowflake_warehouse.csv
data lake vs data warehouse vs data mart,170,27.0,0.22,1.61,"1,0",0.4848,data lake,12,related_snowflake_warehouse.csv
define data lake,170,47.0,0.17,0.48,1,0.4848,data define,1,related_snowflake_warehouse.csv
snowflake cost optimization tools for enterprise,90,7.0,0.0,0.0,1,0.4837,cost optimization,20,related_snowflake_cost_optimization.csv
query optimization in snowflake,40,27.0,0.3,7.92,1,0.483,optimization query,3,related_snowflake_performance_tuning_2026-06-18.csv
snowflake performance,40,27.0,0.17,8.56,1,0.483,performance,1,related_snowflake_performance_tuning_2026-06-18.csv
snowflake query insights tutorial,40,27.0,0.0,0.0,1,0.483,insights query,3,related_snowflake_performance_tuning_2026-06-18.csv
snowflake tool,720,11.0,1.0,0.36,1,0.4822,tool,1,related_snowflake_architecture_2026-06-18.csv
snowflake optimization,110,28.0,0.4,11.34,1,0.4815,optimization,1,related_snowflake_cost_optimization.csv
snowflake credits,70,48.0,0.04,12.53,"1,3",0.4809,credits,2,broad_snowflake_credits.csv
dataware concepts,170,29.0,0.51,2.87,1,0.4798,concepts dataware,1,related_snowflake_best_practices_2026-06-18.csv
snowflake cost management tool brands,390,11.0,0.0,0.0,1,0.4778,cost management,6,related_snowflake_credits.csv
data warehouse architecture diagram,170,30.0,0.17,4.0,1,0.4773,data warehouse,40,related_snowflake_best_practices_2026-06-18.csv
snowflake data security,170,30.0,0.39,9.8,"1,2",0.4773,data security,3,related_snowflake_best_practices_2026-06-18.csv
edw meaning,320,11.0,0.0,0.0,1,0.4768,edw meaning,1,related_snowflake_best_practices_2026-06-18.csv
snowflake cost management tools brands,110,10.0,0.0,0.0,1,0.4765,cost management,6,related_snowflake_cost_optimization.csv
snowflake cost per query,50,30.0,0.17,0.0,1,0.4757,cost per,4,related_snowflake_cost_optimization.csv
snowflake best practices,170,21.0,0.24,7.72,0,0.4748,best practices,3,related_snowflake_performance_tuning_2026-06-18.csv
snowflake free tier,110,31.0,0.2,11.2,1,0.474,free tier,1,related_snowflake_pricing.csv
data warehousing snowflake,170,32.0,0.19,3.81,1,0.4723,data warehousing,2,related_snowflake_credits.csv
snowflake data platform,320,53.0,0.11,4.41,1,0.4718,data platform,1,related_snowflake_architecture_2026-06-18.csv
snowflake difference,90,32.0,0.56,0.0,1,0.4712,difference,1,related_snowflake_pricing.csv
snowflake security best practices,210,23.0,0.11,12.87,0,0.4703,best security,1,related_snowflake_best_practices_2026-06-18.csv
snowflake case statement,170,13.0,0.0,0.0,1,0.4698,case statement,1,related_snowflake_caching.csv
snowflake cost optimization providers,90,13.0,0.0,0.0,1,0.4687,cost optimization,20,related_snowflake_cost_optimization.csv
evaluate the data cost optimization company select on snowflake migration,50,13.0,0.0,0.0,1,0.4682,data evaluate,3,related_snowflake_cost_optimization.csv
snowflake adaptive warehouses,40,13.0,0.04,0.0,"1,3",0.468,adaptive warehouses,1,broad_snowflake_warehouse.csv
rwd snowflake usage data warehouse,210,14.0,0.0,0.0,1,0.4678,rwd usage,2,broad_snowflake_warehouse.csv
amazon rds proxy,140,54.0,0.01,0.0,"1,2",0.4669,amazon rds,2,related_database_proxy_2026-06-18.csv
and snowflake,320,35.0,0.35,0.0,"1,2",0.4668,and snowflake,1,related_snowflake_architecture_2026-06-18.csv
snowflake credit,90,54.0,0.04,12.53,"1,2",0.4662,credit,4,broad_snowflake_credits.csv
use warehouse snowflake,50,14.0,0.03,0.0,1,0.4657,use warehouse,3,broad_snowflake_warehouse.csv
rds proxy cost,50,54.0,0.01,0.0,1,0.4657,proxy rds,7,related_database_proxy_2026-06-18.csv
equus capital partners snowflake power bi data warehouse,590,17.0,0.0,0.0,1,0.4655,capital equus,4,broad_snowflake_warehouse.csv
amazon relational database service proxy,40,54.0,0.01,0.0,1,0.4655,amazon relational,1,related_database_proxy_2026-06-18.csv
snowflake pricing calculator,210,25.0,0.05,4.58,"2,3",0.4653,calculator pricing,1,related_snowflake_credits.csv
equus capital partners snowflake data warehouse power bi,170,15.0,0.0,0.0,1,0.4648,capital equus,4,broad_snowflake_warehouse.csv
mysql proxy,170,55.0,0.0,0.0,1,0.4648,mysql proxy,2,related_database_proxy_2026-06-18.csv
gen2,720,38.0,0.04,4.75,1,0.4647,gen,1,related_snowflake_warehouse.csv
building a data warehouse,260,16.0,0.28,6.36,1,0.4635,building data,1,related_snowflake_best_practices_2026-06-18.csv
evaluate the data cost optimization company finout on snowflake migration,50,15.0,0.0,0.0,1,0.4632,data evaluate,3,related_snowflake_cost_optimization.csv
finout data cost optimization snowflake query optimization,50,15.0,0.0,0.0,1,0.4632,data finout,2,related_snowflake_cost_optimization.csv
snowflake budget vs resource monitor,40,15.0,0.04,0.0,"1,0",0.463,budget vs,1,related_snowflake_cost_optimization.csv
edw data model,210,16.0,0.29,4.35,1,0.4628,data edw,1,related_snowflake_best_practices_2026-06-18.csv
snowflake numeric value is not recognized,140,16.0,0.0,0.0,1,0.4619,numeric value,1,related_snowflake_caching.csv
snowflake gen2 warehouse,110,16.0,0.05,5.79,1,0.4615,gen warehouse,2,broad_snowflake_warehouse.csv
snowflake vector file,480,18.0,1.0,1.01,1,0.4615,file vector,1,related_snowflake_credits.csv
paproxy,260,17.0,0.04,1.8,1,0.461,paproxy,1,related_database_proxy_2026-06-18.csv
snowflake use warehouse,70,16.0,0.03,0.0,1,0.4609,use warehouse,3,broad_snowflake_warehouse.csv
query performance,70,36.0,0.03,0.0,1,0.4609,performance query,4,related_snowflake_performance_tuning_2026-06-18.csv
monte carlo data snowflake cost optimization,40,16.0,0.0,0.0,1,0.4605,carlo monte,1,related_snowflake_cost_optimization.csv
snowflake costs,210,37.0,0.19,6.69,"1,2",0.4603,costs,1,related_snowflake_credits.csv
snowflake average,90,17.0,0.0,0.0,"1,2",0.4587,average,1,related_snowflake_pricing.csv
snowflake cost optimization platforms,70,17.0,0.0,0.0,1,0.4584,cost optimization,20,related_snowflake_cost_optimization.csv
data warehouse vs data lake vs data lakehouse,210,38.0,0.39,3.53,"1,0",0.4578,data warehouse,40,related_snowflake_warehouse.csv
equus capital partners snowflake data warehouse,170,18.0,0.0,0.0,1,0.4573,capital equus,4,broad_snowflake_warehouse.csv
data warehouse vs data lake vs lakehouse,170,38.0,0.24,2.6,"1,0",0.4573,data warehouse,40,related_snowflake_warehouse.csv
data warehouse architect,140,18.0,0.22,3.83,1,0.4569,data warehouse,40,related_snowflake_best_practices_2026-06-18.csv
snowflake warehouse pricing,50,28.0,0.13,0.0,"2,3",0.4557,pricing warehouse,1,broad_snowflake_warehouse.csv
aws rds proxy sql server read replicas,40,38.0,0.0,0.0,1,0.4555,aws rds,10,related_database_proxy_2026-06-18.csv
snowflake adaptive warehouse,110,19.0,0.03,0.0,1,0.454,adaptive warehouse,2,broad_snowflake_warehouse.csv
snowflake queuing overload,90,19.0,0.0,0.0,1,0.4537,overload queuing,2,related_snowflake_performance_tuning_2026-06-18.csv
snowflake cortex pricing,50,29.0,0.04,0.0,"2,3",0.4532,cortex pricing,2,broad_snowflake_pricing.csv
snowflake cost optimization best practices,40,29.0,0.18,20.14,0,0.453,cost optimization,20,related_snowflake_cost_optimization.csv
data marts,880,44.0,0.07,3.23,1,0.4519,data marts,1,related_snowflake_warehouse.csv
snowflake cost optimization software,70,20.0,0.0,0.0,1,0.4509,cost optimization,20,related_snowflake_cost_optimization.csv
search optimization snowflake,70,20.0,0.09,22.24,1,0.4509,optimization search,3,related_snowflake_performance_tuning_2026-06-18.csv
snowflake cost management tool travel expenses,50,20.0,0.0,0.0,"1,3",0.4507,cost management,6,related_snowflake_cost_optimization.csv
data warehouse snowflake vs star,40,0.0,0.02,0.0,,0.4505,data warehouse,40,broad_snowflake_warehouse.csv
snowflake enterprise data warehouse,40,0.0,0.01,0.0,,0.4505,data enterprise,2,broad_snowflake_warehouse.csv
snowflake cortex ai pricing,30,0.0,0.1,0.0,,0.4504,ai cortex,1,broad_snowflake_pricing.csv
snowflake cortex analyst pricing,30,0.0,0.13,0.0,,0.4504,analyst cortex,4,broad_snowflake_pricing.csv
1 snowflake credit in dollars,20,0.0,0.04,0.0,,0.4503,credit dollars,1,broad_snowflake_credits.csv
credits_used_cloud_services snowflake,20,0.0,0.21,0.0,,0.4503,credits used,2,broad_snowflake_credits.csv
snowflake credit costs,20,0.0,0.04,24.49,,0.4503,costs credit,1,broad_snowflake_credits.csv
cache in snowflake,20,0.0,0.03,0.0,,0.4503,cache,3,broad_snowflake_caching.csv
snowflake cache types,20,0.0,0.01,0.0,,0.4503,cache types,1,broad_snowflake_caching.csv
data warehouse analytics,210,61.0,0.14,5.34,1,0.4503,data warehouse,40,related_snowflake_warehouse.csv
egress cost optimizer snowflake,20,0.0,0.14,0.0,,0.4503,cost egress,2,broad_snowflake_cost_optimization.csv
snowflake cloud cost optimization,20,0.0,0.0,0.0,,0.4503,cloud cost,4,broad_snowflake_cost_optimization.csv
snowflake cloud cost optimization software,20,0.0,0.0,0.0,,0.4503,cloud cost,4,broad_snowflake_cost_optimization.csv
snowflake cortex llm pricing,20,0.0,0.04,0.0,,0.4503,cortex llm,1,broad_snowflake_pricing.csv
snowflake data warehouse pricing,20,0.0,0.03,0.0,,0.4503,data warehouse,40,broad_snowflake_pricing.csv
snowflake aws,390,42.0,0.18,4.12,1,0.4503,aws,1,related_snowflake_architecture_2026-06-18.csv
metadata cache in snowflake,10,0.0,0.0,0.0,,0.4501,cache metadata,3,broad_snowflake_caching.csv
snowflake use cached results,10,0.0,0.0,0.0,,0.4501,cached use,4,broad_snowflake_caching.csv
use cached result snowflake,10,0.0,0.03,0.0,,0.4501,cached use,4,broad_snowflake_caching.csv
seemore data snowflake query optimization,90,21.0,0.0,0.0,1,0.4487,data seemore,2,related_snowflake_performance_tuning_2026-06-18.csv
okta sso,3600,0.0,0.01,5.62,,0.4486,okta sso,1,competitor_select_dev.csv
big data data lake,170,42.0,0.04,13.9,1,0.4473,big data,3,related_snowflake_warehouse.csv
snowflake scale up,720,25.0,0.04,0.0,1,0.4472,scale up,1,related_snowflake_credits.csv
snowflake top,140,22.0,1.0,0.53,1,0.4469,top,1,related_snowflake_best_practices_2026-06-18.csv
snowflake egress cost optimizer,30,22.0,0.1,15.84,"1,3",0.4454,cost egress,2,broad_snowflake_cost_optimization.csv
financial services cloud pricing,210,33.0,0.28,37.82,"2,3",0.4453,financial services,1,related_snowflake_credits.csv
snowflake warehouse size,140,23.0,0.01,0.0,1,0.4444,size warehouse,1,broad_snowflake_warehouse.csv
build data warehouse,110,23.0,0.28,6.36,1,0.444,build data,2,related_snowflake_best_practices_2026-06-18.csv
cloud cost optimization framework,90,23.0,0.29,0.0,1,0.4437,cloud cost,4,related_snowflake_cost_optimization.csv
snowflake cost optimization services,90,23.0,0.0,0.0,1,0.4437,cost optimization,20,related_snowflake_cost_optimization.csv
snowflake sql,1000,28.0,0.22,3.93,1,0.4435,sql,2,related_snowflake_architecture_2026-06-18.csv
snowflake caching,70,23.0,0.01,0.0,1,0.4434,caching,2,broad_snowflake_caching.csv
aws rds proxy for sql server,40,43.0,0.0,0.0,1,0.443,aws rds,10,related_database_proxy_2026-06-18.csv
snowflake cost optimization solutions,140,24.0,0.0,0.0,1,0.4419,cost optimization,20,related_snowflake_credits.csv
snowflake cost management,110,24.0,0.67,13.21,1,0.4415,cost management,6,related_snowflake_cost_optimization.csv
snowflake x small warehouse,50,24.0,0.1,0.0,"1,3",0.4407,small x,1,broad_snowflake_warehouse.csv
snowflake cost reduction,40,24.0,0.0,0.0,1,0.4405,cost reduction,1,related_snowflake_cost_optimization.csv
aws rds proxy engine_family sqlserver,40,44.0,0.0,0.0,1,0.4405,aws rds,10,related_database_proxy_2026-06-18.csv
snowflake regions,170,25.0,0.0,0.0,"1,2",0.4398,regions,1,related_snowflake_credits.csv
create warehouse snowflake,140,25.0,0.02,0.0,1,0.4394,create warehouse,5,broad_snowflake_warehouse.csv
sql snowflake,720,29.0,0.22,3.93,1,0.4372,sql,2,related_snowflake_architecture_2026-06-18.csv
snowflake warehouse sizing,140,26.0,0.01,0.0,1,0.4369,sizing warehouse,1,broad_snowflake_warehouse.csv
snowflake usage,110,26.0,0.06,5.02,"1,2",0.4365,usage,1,related_snowflake_pricing.csv
who developed dbt,70,46.0,0.0,0.0,1,0.4359,developed who,1,questions_dbt.csv
aws rds proxy sql server support,70,46.0,0.0,0.0,1,0.4359,aws rds,10,related_database_proxy_2026-06-18.csv
aws rds proxy support for sql server,70,46.0,0.0,0.0,1,0.4359,aws rds,10,related_database_proxy_2026-06-18.csv
enterprise data warehouse best practices,320,18.0,0.0,0.0,0,0.4343,data enterprise,2,related_snowflake_best_practices_2026-06-18.csv
data lakes vs data warehouses,260,48.0,0.33,1.07,"1,0",0.4335,data lakes,2,related_snowflake_warehouse.csv
snowflake cost per credit,70,27.0,0.12,7.5,"1,2",0.4334,cost per,4,broad_snowflake_credits.csv
warehouse-x,170,28.0,0.0,0.0,1,0.4323,warehouse x,1,related_snowflake_credits.csv
data warehouse and data mart,170,28.0,0.07,1.75,"1,0",0.4323,data warehouse,40,related_snowflake_warehouse.csv
snowflake storage costs,140,28.0,0.12,12.0,"1,3",0.4319,costs storage,1,related_snowflake_credits.csv
adaptive warehouse snowflake,50,28.0,0.02,0.0,"1,3",0.4307,adaptive warehouse,2,broad_snowflake_warehouse.csv
snowflake data warehouse architecture,40,28.0,0.2,4.7,1,0.4305,data warehouse,40,broad_snowflake_warehouse.csv
aws rds proxy engine_family sql server,40,48.0,0.0,0.0,1,0.4305,aws rds,10,related_database_proxy_2026-06-18.csv
snowflake warehouse sizes,320,30.0,0.01,0.0,1,0.4293,sizes warehouse,1,broad_snowflake_warehouse.csv
snowflake compute cost,50,29.0,0.21,12.0,"1,2",0.4282,compute cost,2,related_snowflake_cost_optimization.csv
rockset snowflake cost analyzer,40,19.0,0.0,0.0,0,0.428,cost rockset,2,related_snowflake_cost_optimization.csv
snowflake cost optimization companies,110,0.0,0.0,0.0,0,0.4265,cost optimization,20,related_snowflake_credits.csv
mysql proxy server,70,50.0,0.0,0.0,1,0.4259,mysql proxy,2,related_database_proxy_2026-06-18.csv
databricks vs snowflake,1900,0.0,0.18,7.66,,0.4257,databricks vs,7,competitor_select_dev.csv
snowflake intelligence,1900,0.0,0.11,8.73,,0.4257,intelligence,1,competitor_select_dev.csv
snowflake 西雅圖 包裹,1900,0.0,0.0,0.0,,0.4257,snowflake 西雅圖 包裹,1,competitor_select_dev.csv
rds db connections,40,30.0,0.02,0.0,1,0.4255,db rds,1,related_database_proxy_2026-06-18.csv
data warehouse snowflake,210,31.0,0.19,3.81,1,0.4253,data warehouse,40,broad_snowflake_warehouse.csv
snowflake cost management tools comparison,140,1.0,0.0,0.0,0,0.4244,cost management,6,related_snowflake_credits.csv
best snowflake cost optimization tools,140,1.0,0.0,0.0,0,0.4244,best cost,9,related_snowflake_cost_optimization.csv
transparent proxy,480,53.0,0.04,4.0,1,0.424,proxy transparent,1,positioning_terms.csv
proxy sql,50,31.0,0.01,4.39,"1,2",0.4232,proxy sql,2,related_database_proxy_2026-06-18.csv
snowflake logo,5400,0.0,0.33,0.0,,0.423,logo,2,competitor_select_dev.csv
snowflake vs databricks,1600,0.0,0.19,8.54,,0.4216,databricks vs,7,competitor_select_dev.csv
cost per credit,260,53.0,0.05,4.69,1,0.421,cost per,4,related_snowflake_credits.csv
rds proxy server,590,55.0,0.0,0.0,1,0.4205,proxy rds,7,related_database_proxy_2026-06-18.csv
databricks vs snowflake pricing,30,22.0,0.08,9.78,0,0.4204,databricks vs,7,broad_snowflake_pricing.csv
snowflake create warehouse,170,33.0,0.01,0.0,1,0.4198,create warehouse,5,broad_snowflake_warehouse.csv
reverse proxy,6600,68.0,0.03,3.42,1,0.4192,proxy reverse,1,positioning_terms.csv
best snowflake cost optimization software,90,3.0,0.0,0.0,0,0.4187,best cost,9,related_snowflake_cost_optimization.csv
snowflake storage cost,260,34.0,0.12,12.0,"1,3",0.4185,cost storage,3,related_snowflake_credits.csv
snowflake missing column specification,50,13.0,0.33,0.0,1,0.4182,column missing,1,related_snowflake_caching.csv
snowflake edw,210,34.0,0.19,3.81,1,0.4178,edw,1,related_snowflake_warehouse.csv
snowflake intelligent,1300,0.0,0.11,8.73,,0.4176,intelligent,1,competitor_select_dev.csv
snowflake datawarehouse,170,34.0,0.19,3.81,1,0.4173,datawarehouse,1,related_snowflake_credits.csv
big data lake,170,54.0,0.04,13.9,1,0.4173,big data,3,related_snowflake_warehouse.csv
snowflake features,110,34.0,0.14,4.27,1,0.4165,features,1,related_snowflake_credits.csv
data mart definition,170,35.0,0.03,0.9,1,0.4148,data mart,4,related_snowflake_warehouse.csv
snowflake free,110,35.0,0.06,12.86,"1,3",0.414,free,2,related_snowflake_credits.csv
snow flake logo,1000,0.0,0.03,0.0,,0.4135,flake snow,2,competitor_select_dev.csv
search query optimization techniques,1000,0.0,0.0,0.0,,0.4135,query search,1,competitor_select_dev.csv
logo snowflake,1000,0.0,0.03,0.0,,0.4135,logo,2,competitor_select_dev.csv
snowflake symbol,1000,0.0,0.16,0.0,,0.4135,symbol,1,competitor_select_dev.csv
snowflake competitors,1000,0.0,0.18,8.16,,0.4135,competitors,1,competitor_select_dev.csv
espresso newsletter,1000,0.0,0.02,0.0,,0.4135,espresso newsletter,1,competitor_espresso_ai.csv
best snowflake query optimization platforms,70,5.0,0.0,0.0,0,0.4134,best query,1,related_snowflake_cost_optimization.csv
snowflake no cache,40,15.0,0.33,0.0,1,0.413,cache no,1,related_snowflake_caching.csv
who created dbt,170,56.0,0.0,0.0,1,0.4123,created who,1,questions_dbt.csv
snowpipe,880,0.0,0.11,8.72,,0.4119,snowpipe,2,competitor_select_dev.csv
snowflake free trial,880,0.0,0.06,17.72,,0.4119,free trial,1,competitor_select_dev.csv
snowflake dynamic tables,880,0.0,0.01,0.89,,0.4119,dynamic tables,2,competitor_select_dev.csv
best snowflake cost management tools,260,7.0,0.0,0.0,0,0.411,best cost,9,related_snowflake_cost_optimization.csv
data warehouses,1000,61.0,0.15,4.87,1,0.411,data warehouses,1,related_snowflake_best_practices_2026-06-18.csv
aws rds db connections,40,36.0,0.05,0.0,1,0.4105,aws rds,10,related_database_proxy_2026-06-18.csv
snowflake credit cost,170,37.0,0.11,12.0,"1,2",0.4098,cost credit,5,related_snowflake_credits.csv
snowflake connector python,720,0.0,0.01,2.92,,0.4097,connector python,4,competitor_select_dev.csv
private bank wealth management data platform cloud databricks snowflake,720,0.0,0.0,0.0,,0.4097,bank private,1,competitor_select_dev.csv
date difference snowflake,720,0.0,0.0,0.0,,0.4097,date difference,1,competitor_select_dev.csv
snowflake architecture,720,0.0,0.16,5.35,,0.4097,architecture,2,competitor_select_dev.csv
snowflake security,480,49.0,0.17,8.51,"2,3",0.409,security,2,related_snowflake_best_practices_2026-06-18.csv
data lake vs data warehouse,3600,56.0,0.31,1.17,"1,0",0.4086,data lake,12,related_snowflake_warehouse.csv
snowflake data warehouse platform,50,37.0,0.04,0.0,"1,2",0.4082,data warehouse,40,broad_snowflake_warehouse.csv
snowflake key pair authentication,590,0.0,0.0,0.0,,0.408,key pair,1,competitor_select_dev.csv
snowflake streams,590,0.0,0.05,5.33,,0.408,streams,1,competitor_select_dev.csv
secret query,590,0.0,0.0,0.0,,0.408,query secret,1,competitor_select_dev.csv
snowflake cortex analyst,480,0.0,0.09,5.76,,0.4065,analyst cortex,4,competitor_select_dev.csv
select -expandproperty,480,0.0,0.0,5.4,,0.4065,expandproperty select,1,competitor_select_dev.csv
dynamic tables snowflake,480,0.0,0.02,1.37,,0.4065,dynamic tables,2,competitor_select_dev.csv
snowflake qualify,480,0.0,0.01,1.69,,0.4065,qualify,1,competitor_select_dev.csv
snowflake query history,480,0.0,0.0,0.0,,0.4065,history query,2,competitor_select_dev.csv
snowflake rename table,480,0.0,0.0,0.0,,0.4065,rename table,1,competitor_select_dev.csv
update table snowflake,70,18.0,0.33,0.0,1,0.4059,table update,2,related_snowflake_caching.csv
snowflake finops,40,18.0,0.63,40.93,1,0.4055,finops,1,seed_overview.csv
snowflake cost,390,40.0,0.19,6.69,"1,2",0.4053,cost,1,related_snowflake_credits.csv
snowflake logo png,390,0.0,0.0,0.0,,0.4053,logo png,1,competitor_select_dev.csv
snowflake days,390,0.0,0.0,0.0,,0.4053,days,1,competitor_select_dev.csv
select star,390,0.0,0.03,8.43,,0.4053,select star,1,competitor_select_dev.csv
snowflake build,390,0.0,0.02,0.0,,0.4053,build,1,competitor_select_dev.csv
espresso.ai,390,0.0,0.23,7.0,,0.4053,ai espresso,3,competitor_select_dev.csv
snowflake dynamic table,390,0.0,0.02,1.29,,0.4053,dynamic table,1,competitor_select_dev.csv
python snowflake connector,390,0.0,0.0,0.0,,0.4053,connector python,4,competitor_select_dev.csv
snowflake update using a cte,390,0.0,0.0,0.0,,0.4053,update using,1,competitor_select_dev.csv
snowflake database icon,390,0.0,0.0,0.0,,0.4053,database icon,1,competitor_select_dev.csv
snowflake concatenate,390,0.0,0.0,0.0,,0.4053,concatenate,1,competitor_select_dev.csv
espresso ai,390,0.0,0.23,7.0,,0.4053,ai espresso,3,competitor_espresso_ai.csv
snowflake create user,320,0.0,0.02,0.0,,0.4043,create user,1,competitor_select_dev.csv
snowflake colours,320,0.0,0.23,0.0,,0.4043,colours,1,competitor_select_dev.csv
snowflake stream,320,0.0,0.05,5.33,,0.4043,stream,1,competitor_select_dev.csv
snowflake stored procedures,320,0.0,0.01,0.0,,0.4043,procedures stored,1,competitor_select_dev.csv
cortexai,320,0.0,0.21,4.41,,0.4043,cortexai,1,competitor_select_dev.csv
snowpark container services,320,0.0,0.03,4.51,,0.4043,container snowpark,1,competitor_select_dev.csv
snowflake window functions,320,0.0,0.0,0.0,,0.4043,functions window,1,competitor_select_dev.csv
dbt best practices,320,0.0,0.13,5.29,,0.4043,best dbt,1,competitor_select_dev.csv
select.,320,0.0,0.04,1.47,,0.4043,select,1,competitor_select_dev.csv
snowflake python,320,0.0,0.03,3.92,,0.4043,python,1,competitor_select_dev.csv
snowflake-connector-python,320,0.0,0.01,2.92,,0.4043,connector python,4,competitor_select_dev.csv
snowflake db icon,320,0.0,0.0,0.0,,0.4043,db icon,1,competitor_select_dev.csv
cortex analyst,320,0.0,0.12,5.1,,0.4043,analyst cortex,4,competitor_select_dev.csv
snowflake clone table,320,0.0,0.0,0.0,,0.4043,clone table,1,competitor_select_dev.csv
snowflake rename column,320,0.0,0.0,0.0,,0.4043,column rename,1,competitor_select_dev.csv
qualify sql,320,0.0,0.04,0.12,,0.4043,qualify sql,1,competitor_select_dev.csv
snowflake to acquire select star,320,0.0,0.0,0.0,,0.4043,acquire select,1,competitor_select_dev.csv
espressi,320,0.0,0.08,12.89,,0.4043,espressi,1,competitor_espresso_ai.csv
organizations using snowflake data warehouse,260,0.0,0.0,0.0,,0.4035,organizations using,1,broad_snowflake_warehouse.csv
data lakes vs data warehouse,260,40.0,0.33,1.07,"1,0",0.4035,data lakes,2,related_snowflake_warehouse.csv
snowflake snowpipe,260,0.0,0.06,4.01,,0.4035,snowpipe,2,competitor_select_dev.csv
dbt tags,260,0.0,0.0,0.0,,0.4035,dbt tags,1,competitor_select_dev.csv
cortex analyst snowflake,260,0.0,0.13,3.49,,0.4035,analyst cortex,4,competitor_select_dev.csv
snowflake exclude,260,0.0,0.0,0.0,,0.4035,exclude,1,competitor_select_dev.csv
snowflake terraform provider,260,0.0,0.01,0.0,,0.4035,provider terraform,1,competitor_select_dev.csv
snowflake cte,260,0.0,0.0,0.0,,0.4035,cte,1,competitor_select_dev.csv
snowflake between,260,0.0,0.01,0.0,,0.4035,between,1,competitor_select_dev.csv
secret snowflake,260,0.0,0.12,1.46,,0.4035,secret,1,competitor_select_dev.csv
ke bao,260,0.0,0.01,0.0,,0.4035,bao ke,1,competitor_keebo_ai.csv
minerva ai,260,0.0,0.04,10.38,,0.4035,ai minerva,1,competitor_espresso_ai.csv
snowflake virtual warehouse,70,39.0,0.09,8.28,1,0.4034,virtual warehouse,5,broad_snowflake_warehouse.csv
best snowflake cost optimization platforms,70,9.0,0.0,0.0,0,0.4034,best cost,9,related_snowflake_cost_optimization.csv
difference between snowflake and cloud with snow on weather app,70,19.0,0.33,0.0,1,0.4034,between difference,2,related_snowflake_pricing.csv
koalafi.com,210,0.0,0.21,3.37,,0.4028,com koalafi,1,competitor_espresso_ai.csv
snowflake data warehouse case studies,170,0.0,0.0,0.0,,0.4023,data warehouse,40,broad_snowflake_warehouse.csv
snowflake clustering,170,0.0,0.04,3.96,,0.4023,clustering,1,competitor_keebo_ai.csv
databricks vs. snowflake,170,0.0,0.18,7.66,,0.4023,databricks vs,7,competitor_keebo_ai.csv
finops framework phases inform optimize operate,170,0.0,0.0,0.0,,0.4023,finops framework,1,competitor_espresso_ai.csv
databricks sql warehouse,170,0.0,0.12,7.47,,0.4023,databricks sql,3,competitor_espresso_ai.csv
kibo software,140,0.0,0.19,10.7,,0.4019,kibo software,1,competitor_keebo_ai.csv
snowflake mfa,140,0.0,0.02,0.0,,0.4019,mfa,1,competitor_keebo_ai.csv
job espresso,140,0.0,0.14,1.62,,0.4019,espresso job,1,competitor_espresso_ai.csv
dbt dag,140,0.0,0.0,0.0,,0.4019,dag dbt,1,competitor_espresso_ai.csv
data lake vs warehouse,1600,48.0,0.31,1.17,"1,0",0.4016,data lake,12,related_snowflake_warehouse.csv
snowflake price calculator,110,0.0,0.03,9.45,,0.4015,calculator price,1,competitor_keebo_ai.csv
snowflake partitioning,110,0.0,0.0,0.0,,0.4015,partitioning,1,competitor_keebo_ai.csv
snowflake vs. databricks,110,0.0,0.19,8.54,,0.4015,databricks vs,7,competitor_keebo_ai.csv
snowflake authentication methods,110,0.0,0.03,0.0,,0.4015,authentication methods,1,competitor_keebo_ai.csv
snowflake event,110,0.0,0.19,4.86,,0.4015,event,1,competitor_espresso_ai.csv
apache moving and storage,110,0.0,0.14,9.25,,0.4015,apache moving,1,competitor_espresso_ai.csv
espresso application,110,0.0,0.0,0.0,,0.4015,application espresso,1,competitor_espresso_ai.csv
snowflake storage pricing,90,0.0,0.03,0.0,,0.4012,pricing storage,2,competitor_keebo_ai.csv
snowflake and databricks,90,0.0,0.28,15.36,,0.4012,databricks,4,competitor_keebo_ai.csv
databricks optimization,90,0.0,0.06,8.73,,0.4012,databricks optimization,1,competitor_keebo_ai.csv
snowpark optimized warehouse,90,0.0,0.05,10.96,,0.4012,optimized snowpark,1,competitor_keebo_ai.csv
snowflake cluster keys,90,0.0,0.0,0.0,,0.4012,cluster keys,1,competitor_keebo_ai.csv
best cloud cost management tools for finops teams,90,0.0,0.0,0.0,,0.4012,best cloud,2,competitor_espresso_ai.csv
goldbelly dashboard,90,0.0,0.05,0.0,,0.4012,dashboard goldbelly,1,competitor_espresso_ai.csv
espresso moon,90,0.0,0.06,8.27,,0.4012,espresso moon,1,competitor_espresso_ai.csv
espresso news october 2025,90,0.0,0.0,0.0,,0.4012,espresso news,1,competitor_espresso_ai.csv
sql warehouse,90,0.0,0.14,5.29,,0.4012,sql warehouse,1,competitor_espresso_ai.csv
spresso ai,90,0.0,0.08,11.51,,0.4012,ai spresso,1,competitor_espresso_ai.csv
finops lifecycle,90,0.0,0.12,0.0,,0.4012,finops lifecycle,1,competitor_espresso_ai.csv
snowflake data warehouse users,70,0.0,0.0,0.0,,0.4009,data warehouse,40,broad_snowflake_warehouse.csv
snowflake organization_usage views credit usage,70,0.0,0.0,0.0,,0.4009,organization usage,1,broad_snowflake_credits.csv
kibo ai,70,0.0,0.11,0.0,,0.4009,ai kibo,1,competitor_keebo_ai.csv
snowflake coretex,70,0.0,0.21,4.61,,0.4009,coretex,1,competitor_keebo_ai.csv
snowflake workload management,70,0.0,0.07,0.0,,0.4009,management workload,1,competitor_keebo_ai.csv
snowflake micro partitions,70,0.0,0.02,0.0,,0.4009,micro partitions,2,competitor_keebo_ai.csv
snowflake hybrid table cost,70,0.0,0.22,0.0,,0.4009,hybrid table,1,competitor_keebo_ai.csv
snowflake mfa enforcement,70,0.0,0.01,0.0,,0.4009,enforcement mfa,1,competitor_keebo_ai.csv
snowflake micro-partitions documentation,70,0.0,0.0,0.0,,0.4009,micro partitions,2,competitor_keebo_ai.csv
snowflake micro partition,70,0.0,0.01,0.0,,0.4009,micro partition,1,competitor_keebo_ai.csv
snowflake storage cost per tb,70,0.0,0.14,0.0,,0.4009,cost storage,3,competitor_espresso_ai.csv
what's the best cloud cost management company for finops teams,70,0.0,0.0,0.0,,0.4009,best s,1,competitor_espresso_ai.csv
exa ai careers,70,0.0,0.02,0.0,,0.4009,ai exa,1,competitor_espresso_ai.csv
espresso labs,70,0.0,0.01,0.0,,0.4009,espresso labs,1,competitor_espresso_ai.csv
spend visibility platforms for cfos,70,0.0,0.0,0.0,,0.4009,spend visibility,1,competitor_espresso_ai.csv
databricks sql warehouses,70,0.0,0.16,5.84,,0.4009,databricks sql,3,competitor_espresso_ai.csv
snowflake summit agenda,70,0.0,0.1,1.09,,0.4009,agenda summit,1,competitor_espresso_ai.csv
best snowflake warehouse optimization partners,50,10.0,0.0,0.0,0,0.4007,best warehouse,1,broad_snowflake_warehouse.csv
instacart uses snowflake data warehouse,50,0.0,0.0,0.0,,0.4007,instacart uses,1,broad_snowflake_warehouse.csv
optimove pricing,50,20.0,0.02,0.0,2,0.4007,optimove pricing,1,related_snowflake_cost_optimization.csv
snowflake ipo pricing,50,0.0,0.33,0.0,,0.4007,ipo pricing,1,broad_snowflake_pricing.csv
snowflake gen 2 vs gen 1 cost comparison,50,0.0,0.0,0.0,,0.4007,gen vs,1,competitor_keebo_ai.csv
datacebo,50,0.0,0.14,13.79,,0.4007,datacebo,1,competitor_keebo_ai.csv
kibo platform,50,0.0,0.1,0.0,,0.4007,kibo platform,1,competitor_keebo_ai.csv
snowflake adaptive compute,50,0.0,0.02,0.0,,0.4007,adaptive compute,1,competitor_keebo_ai.csv
kibo dallas,50,0.0,0.11,9.37,,0.4007,dallas kibo,1,competitor_keebo_ai.csv
snowflake cortex llms,50,0.0,0.05,0.0,,0.4007,cortex llms,1,competitor_keebo_ai.csv
databricks vs snowflake for machine learning,50,0.0,0.0,0.0,,0.4007,databricks vs,7,competitor_keebo_ai.csv
snowflake prices,50,0.0,0.08,10.46,,0.4007,prices,1,competitor_keebo_ai.csv
snowflake storage cost per tb per month,50,0.0,0.0,0.0,,0.4007,cost storage,3,competitor_keebo_ai.csv
naudts,50,0.0,0.0,0.0,,0.4007,naudts,1,competitor_espresso_ai.csv
avoid overprovisioning in avd with predictive scaling,50,0.0,0.0,0.0,,0.4007,avoid overprovisioning,1,competitor_espresso_ai.csv
evaluate the cloud infrastructure company scaleops on eks cost optimization,50,0.0,0.0,0.0,,0.4007,cloud evaluate,1,competitor_espresso_ai.csv
finops phases inform optimize operate,50,0.0,0.0,0.0,,0.4007,finops phases,2,competitor_espresso_ai.csv
snowflake data storage cost,50,0.0,0.11,0.0,,0.4007,data storage,1,competitor_espresso_ai.csv
give me customer stories for minerva.io,50,0.0,0.0,0.0,,0.4007,give me,1,competitor_espresso_ai.csv
snowflake data warehouse adoption,40,0.0,0.0,0.0,,0.4005,data warehouse,40,broad_snowflake_warehouse.csv
snowflake data warehouse clients,40,0.0,0.0,0.0,,0.4005,data warehouse,40,broad_snowflake_warehouse.csv
snowflake data warehouse companies,40,0.0,0.0,0.0,,0.4005,data warehouse,40,broad_snowflake_warehouse.csv
snowflake data warehouse industry,40,0.0,0.0,0.0,,0.4005,data warehouse,40,broad_snowflake_warehouse.csv
optimizing costs,40,40.0,0.24,207.05,1,0.4005,costs optimizing,1,related_snowflake_cost_optimization.csv
automated tool for snowflake credit monitoring,40,0.0,0.0,0.0,,0.4005,automated tool,1,broad_snowflake_credits.csv
snowflake credit usage by database view,40,0.0,0.0,0.0,,0.4005,credit usage,5,broad_snowflake_credits.csv
snowflake pricing credits,40,0.0,0.33,0.0,,0.4005,credits pricing,1,broad_snowflake_credits.csv
snowflake resource monitor credit quota configuration fields,40,0.0,0.0,0.0,,0.4005,monitor resource,1,broad_snowflake_credits.csv
snowflake azure pricing,40,0.0,0.33,0.0,,0.4005,azure pricing,2,broad_snowflake_pricing.csv
snowflake gpu pricing,40,30.0,0.03,0.0,"2,3",0.4005,gpu pricing,1,broad_snowflake_pricing.csv
system$micro_partition_metadata snowflake,40,0.0,0.0,0.0,,0.4005,micro system,1,competitor_keebo_ai.csv
snowflake well architected framework,40,0.0,0.1,10.44,,0.4005,architected well,1,competitor_espresso_ai.csv
best cloud cost management companies for finops teams 2025,40,0.0,0.0,0.0,,0.4005,best cloud,2,competitor_espresso_ai.csv
finops phases,40,0.0,0.27,11.75,,0.4005,finops phases,2,competitor_espresso_ai.csv
snowflake summit sessions,40,0.0,0.19,1.97,,0.4005,sessions summit,1,competitor_espresso_ai.csv
sql warehouses databricks,40,0.0,0.13,0.0,,0.4005,sql warehouses,1,competitor_espresso_ai.csv
evaluate the fintech company coupa on finops roles and responsibilities,40,0.0,0.0,0.0,,0.4005,evaluate fintech,1,competitor_espresso_ai.csv
databricks sql endpoints renamed sql warehouses,40,0.0,0.0,0.0,,0.4005,databricks sql,3,competitor_espresso_ai.csv
nova credit snowflake,30,0.0,0.0,0.0,,0.4004,credit nova,1,broad_snowflake_credits.csv
snowflake 100 gb data storage pricing,30,0.0,0.0,0.0,,0.4004,data gb,1,broad_snowflake_pricing.csv
cost per credit snowflake,20,0.0,0.17,0.0,,0.4003,cost per,4,broad_snowflake_credits.csv
credit cost snowflake,20,0.0,0.18,0.0,,0.4003,cost credit,5,broad_snowflake_credits.csv
credit price snowflake,20,0.0,0.0,0.0,,0.4003,credit price,1,broad_snowflake_credits.csv
credit union snowflake az,20,0.0,0.22,1.89,,0.4003,credit union,2,broad_snowflake_credits.csv
snowflake compute credit cost,20,0.0,0.33,0.0,,0.4003,compute credit,1,broad_snowflake_credits.csv
snowflake compute credits,20,0.0,0.02,0.0,,0.4003,compute credits,1,broad_snowflake_credits.csv
snowflake credit consumption table,20,0.0,0.02,0.0,,0.4003,consumption credit,2,broad_snowflake_credits.csv
snowflake credit cost calculator,20,0.0,0.1,0.0,,0.4003,cost credit,5,broad_snowflake_credits.csv
snowflake credit management,20,0.0,0.0,0.0,,0.4003,credit management,1,broad_snowflake_credits.csv
snowflake credit union,20,0.0,0.09,0.0,,0.4003,credit union,2,broad_snowflake_credits.csv
snowflake credit usage by user,20,0.0,0.1,0.0,,0.4003,credit usage,5,broad_snowflake_credits.csv
snowflake credit usage warehouse efficiency cost governance,20,0.0,0.0,0.0,,0.4003,credit usage,5,broad_snowflake_credits.csv
snowflake credits per hour,20,0.0,0.07,0.0,,0.4003,credits per,3,broad_snowflake_credits.csv
snowflake credits per warehouse size,20,0.0,0.18,0.0,,0.4003,credits per,3,broad_snowflake_credits.csv
snowflake mills credit union,20,0.0,0.07,0.0,,0.4003,credit mills,1,broad_snowflake_credits.csv
caching in snowflake,20,0.0,0.03,0.0,,0.4003,caching,2,broad_snowflake_caching.csv
clear cache snowflake,20,0.0,0.03,0.0,,0.4003,cache clear,5,broad_snowflake_caching.csv
query result cache snowflake,20,0.0,0.33,0.0,,0.4003,query result,2,broad_snowflake_caching.csv
snowflake cache query,20,0.0,0.0,0.0,,0.4003,cache query,2,broad_snowflake_caching.csv
snowflake cache query result,20,0.0,0.14,0.0,,0.4003,cache query,2,broad_snowflake_caching.csv
snowflake caches are automatically invalidated if the,20,0.0,0.33,0.0,,0.4003,are caches,1,broad_snowflake_caching.csv
snowflake clear query cache,20,0.0,0.33,0.0,,0.4003,clear query,1,broad_snowflake_caching.csv
snowflake result cache,20,0.0,0.02,0.0,,0.4003,cache result,2,broad_snowflake_caching.csv
snowflake warehouse cache,20,0.0,0.02,0.0,,0.4003,cache warehouse,2,broad_snowflake_caching.csv
warehouse cache snowflake,20,0.0,0.33,0.0,,0.4003,cache warehouse,2,broad_snowflake_caching.csv
snowflake proxy,20,0.0,0.05,0.0,,0.4003,proxy,1,seed_overview.csv
best cost visibility and optimization tool for snowflake,20,0.0,0.0,0.0,,0.4003,best cost,9,broad_snowflake_cost_optimization.csv
best platform to manage snowflake cost optimization,20,0.0,0.0,0.0,,0.4003,best platform,1,broad_snowflake_cost_optimization.csv
cost optimization tools for snowflake,20,0.0,0.0,0.0,,0.4003,cost optimization,20,broad_snowflake_cost_optimization.csv
snowflake cloud cost optimization tools,20,0.0,0.0,0.0,,0.4003,cloud cost,4,broad_snowflake_cost_optimization.csv
snowflake search optimization cost,20,0.0,0.14,0.0,,0.4003,optimization search,3,broad_snowflake_cost_optimization.csv
wolfspeed snowflake cost optimization,20,0.0,0.0,0.0,,0.4003,cost wolfspeed,1,broad_snowflake_cost_optimization.csv
aws snowflake pricing,20,0.0,0.26,0.0,,0.4003,aws pricing,2,broad_snowflake_pricing.csv
cortex pricing snowflake,20,0.0,0.33,0.0,,0.4003,cortex pricing,2,broad_snowflake_pricing.csv
linearb pricing snowflake,20,0.0,0.0,0.0,,0.4003,linearb pricing,1,broad_snowflake_pricing.csv
snowflake ai pricing,20,0.0,0.04,0.0,,0.4003,ai pricing,1,broad_snowflake_pricing.csv
snowflake compute pricing,20,0.0,0.17,0.0,,0.4003,compute pricing,1,broad_snowflake_pricing.csv
snowflake consumption based pricing,20,0.0,0.14,0.0,,0.4003,based consumption,1,broad_snowflake_pricing.csv
snowflake consumption pricing,20,0.0,0.33,0.0,,0.4003,consumption pricing,1,broad_snowflake_pricing.csv
snowflake container services pricing,20,0.0,0.05,0.0,,0.4003,container services,1,broad_snowflake_pricing.csv
snowflake cortex search pricing,20,0.0,0.33,0.0,,0.4003,cortex search,1,broad_snowflake_pricing.csv
snowflake db pricing,20,0.0,0.36,0.0,,0.4003,db pricing,1,broad_snowflake_pricing.csv
snowflake document ai pricing,20,0.0,0.07,0.0,,0.4003,ai document,1,broad_snowflake_pricing.csv
snowflake editions pricing,20,0.0,0.14,0.0,,0.4003,editions pricing,1,broad_snowflake_pricing.csv
snowflake gen2 pricing,20,0.0,0.33,0.0,,0.4003,gen pricing,1,broad_snowflake_pricing.csv
snowflake gen2 warehouse pricing,20,0.0,0.33,0.0,,0.4003,gen warehouse,2,broad_snowflake_pricing.csv
snowflake middleware,20,0.0,0.29,3.97,,0.4003,middleware,1,positioning_terms.csv
who owns snowflake data warehouse,20,0.0,0.01,0.0,,0.4003,owns who,1,questions_snowflake_warehouse.csv
snowflake caching documentation,10,0.0,0.0,0.0,,0.4001,caching documentation,1,broad_snowflake_caching.csv
snowflake don't use cache,10,0.0,0.33,0.0,,0.4001,don t,1,broad_snowflake_caching.csv
automated snowflake cost optimization with real-time alerting,10,0.0,0.0,0.0,,0.4001,automated cost,1,broad_snowflake_cost_optimization.csv
best snowflake cost optimization services tools for data-heavy companies,10,0.0,0.0,0.0,,0.4001,best cost,9,broad_snowflake_cost_optimization.csv
best snowflake cost optimization tools 2025 2026,10,0.0,0.0,0.0,,0.4001,best cost,9,broad_snowflake_cost_optimization.csv
managed snowflake cost optimization service,10,0.0,0.0,0.0,,0.4001,cost managed,1,broad_snowflake_cost_optimization.csv
pluralsight flow snowflake cost optimization,10,0.0,0.0,0.0,,0.4001,flow pluralsight,1,broad_snowflake_cost_optimization.csv
snowflake cost optimization for newly migrated data warehouses,10,0.0,0.0,0.0,,0.4001,cost optimization,20,broad_snowflake_cost_optimization.csv
aws s3 caching while working with snowflake,0,0.0,0.0,0.0,,0.4,aws s,1,broad_snowflake_caching.csv
cache http davidudelson.com blog 2015 07 23 uva-11572-unique-snowflakes,0,0.0,0.0,0.0,,0.4,cache http,2,broad_snowflake_caching.csv
cache http kcrd.trail-aquitaine.fr easy-paper-snowflakes.html,0,0.0,0.0,0.0,,0.4,cache http,2,broad_snowflake_caching.csv
caching aws emr and snowflake,0,0.0,0.0,0.0,,0.4,aws caching,1,broad_snowflake_caching.csv
cannot create a cache directory home sbx_user1059 cache snowflake,0,0.0,0.0,0.0,,0.4,cannot create,1,broad_snowflake_caching.csv
clearing cache for icy avatar snowflake,0,0.0,0.0,0.0,,0.4,cache clearing,1,broad_snowflake_caching.csv
a snowflake fundamental data warehouse architecture,0,0.0,0.0,0.0,,0.4,data fundamental,1,questions_snowflake_architecture_2026-06-18.csv
snowflake gateway,0,0.0,0.0,0.0,,0.4,gateway,1,positioning_terms.csv
a draw a snowflake schema diagram for the data warehouse,0,0.0,0.0,0.0,,0.4,draw schema,1,questions_snowflake_warehouse.csv
snowflake levels,90,31.0,0.0,0.0,"2,3",0.3987,levels,1,related_snowflake_pricing.csv
snowflake data warehouse icon,70,21.0,0.33,0.0,1,0.3984,data warehouse,40,broad_snowflake_warehouse.csv
snowflake cost monitoring,50,21.0,0.47,6.01,"1,3",0.3982,cost monitoring,2,related_snowflake_cost_optimization.csv
snowflake query plan,40,21.0,0.33,0.0,"1,2",0.398,plan query,1,related_snowflake_performance_tuning_2026-06-18.csv
rds proxy pricing,170,52.0,0.0,0.0,3,0.3973,proxy rds,7,related_database_proxy_2026-06-18.csv
snowflake warehouse cost,140,42.0,0.19,12.0,"1,2",0.3969,cost warehouse,1,broad_snowflake_warehouse.csv
snowflake pricing example,70,32.0,0.38,0.0,"2,3",0.3959,example pricing,1,broad_snowflake_pricing.csv
cost optimization in finance,50,22.0,0.33,0.0,1,0.3957,cost optimization,20,related_snowflake_cost_optimization.csv
queuing overload snowflake,50,22.0,0.33,0.0,1,0.3957,overload queuing,2,related_snowflake_performance_tuning_2026-06-18.csv
snowflake data lake,390,24.0,0.31,4.0,1,0.3953,data lake,12,related_snowflake_warehouse.csv
snowflake data warehousing,210,43.0,0.19,3.81,1,0.3953,data warehousing,2,related_snowflake_warehouse.csv
best practices in data governance,110,33.0,0.55,7.15,0,0.394,best practices,3,related_snowflake_best_practices_2026-06-18.csv
snowflake standard edition,90,53.0,0.01,0.0,"2,3",0.3937,edition standard,1,related_snowflake_pricing.csv
interactive table,260,14.0,0.91,1.26,0,0.3935,interactive table,1,related_snowflake_warehouse.csv
add column snowflake,70,23.0,0.33,0.0,1,0.3934,add column,1,related_snowflake_caching.csv
proxy server on aws,50,43.0,0.29,6.83,1,0.3932,proxy server,1,related_database_proxy_2026-06-18.csv
snowflake warehouse,390,45.0,0.09,4.0,1,0.3928,warehouse,6,broad_snowflake_warehouse.csv
snowflake warehouse costs,50,44.0,0.19,12.0,"1,2",0.3907,costs warehouse,1,broad_snowflake_warehouse.csv
database proxy,110,45.0,0.28,6.01,1,0.389,database proxy,5,positioning_terms.csv
best practices for data warehousing,110,15.0,0.15,7.47,0,0.389,best practices,3,related_snowflake_best_practices_2026-06-18.csv
snowflake etl,260,26.0,0.43,6.0,1,0.3885,etl,1,related_snowflake_best_practices_2026-06-18.csv
data lake definition,390,67.0,0.14,0.66,1,0.3878,data lake,12,related_snowflake_warehouse.csv
snowflake define,1300,72.0,0.0,0.0,1,0.3876,define,2,related_snowflake_architecture_2026-06-18.csv
snowflake data governance,170,26.0,0.43,7.29,1,0.3873,data governance,1,related_snowflake_best_practices_2026-06-18.csv
azure document intelligence pricing,260,37.0,0.12,8.01,3,0.386,azure document,1,related_snowflake_credits.csv
snowflake query result cache,50,26.0,0.33,0.0,1,0.3857,query result,2,related_snowflake_caching.csv
performance optimierung,70,27.0,0.33,0.0,1,0.3834,optimierung performance,1,related_snowflake_performance_tuning_2026-06-18.csv
rds proxy,1300,54.0,0.0,0.0,1,0.3826,proxy rds,7,related_database_proxy_2026-06-18.csv
snowflake icon,2400,0.0,0.33,0.0,,0.3824,icon,1,competitor_select_dev.csv
postgresql proxy,50,48.0,0.05,4.31,1,0.3807,postgresql proxy,1,related_database_proxy_2026-06-18.csv
snowflake editions,260,50.0,0.01,0.0,"1,3",0.3785,editions,1,related_snowflake_credits.csv
define snowflake,1000,54.0,0.0,0.0,1,0.3785,define,2,related_snowflake_architecture_2026-06-18.csv
snowflake storage pricing per tb per month,70,29.0,0.0,0.0,2,0.3784,pricing storage,2,broad_snowflake_pricing.csv
snow snowflake,320,51.0,0.13,4.07,1,0.3768,snow,2,related_snowflake_credits.csv
rds proxy aws,70,51.0,0.01,0.0,"1,2",0.3734,proxy rds,7,related_database_proxy_2026-06-18.csv
data warehouse vs data lake,1900,42.0,0.33,1.07,"1,0",0.3707,data warehouse,40,related_snowflake_warehouse.csv
query performance insights,40,32.0,0.33,0.0,1,0.3705,performance query,4,related_snowflake_performance_tuning_2026-06-18.csv
snowflake compute pool pricing,30,22.0,0.27,18.48,"2,3",0.3704,compute pool,1,broad_snowflake_pricing.csv
aws rds proxy,390,54.0,0.0,0.0,1,0.3703,aws rds,10,related_database_proxy_2026-06-18.csv
snowflake database,2900,48.0,0.31,4.18,"1,2",0.3692,database,2,related_snowflake_architecture_2026-06-18.csv
aws proxy server,90,53.0,0.29,6.83,1,0.3687,aws proxy,2,related_database_proxy_2026-06-18.csv
azure snowflake pricing,50,33.0,0.11,0.0,2,0.3682,azure pricing,2,broad_snowflake_pricing.csv
keebo,1300,0.0,0.34,1.56,,0.3676,keebo,1,competitor_keebo_ai.csv
snowflake as data warehouse,40,34.0,0.57,0.0,1,0.3655,as data,1,broad_snowflake_warehouse.csv
snowflake pricing model,140,35.0,0.24,8.22,2,0.3644,model pricing,1,related_snowflake_credits.csv
databricks competitors,1000,0.0,0.42,10.86,,0.3635,competitors databricks,1,competitor_select_dev.csv
postgres proxy,40,55.0,0.05,4.31,1,0.363,postgres proxy,1,related_database_proxy_2026-06-18.csv
log snowflake,210,36.0,0.0,0.0,2,0.3628,log,1,related_snowflake_caching.csv
warehouse database,390,57.0,0.15,4.87,1,0.3628,database warehouse,1,related_snowflake_best_practices_2026-06-18.csv
snowflake datediff,720,0.0,0.33,0.0,,0.3597,datediff,2,competitor_select_dev.csv
snowflake data cloud,480,59.0,0.11,5.46,"1,2",0.359,cloud data,6,related_snowflake_architecture_2026-06-18.csv
snowflake list,70,27.0,0.0,0.0,"2,3",0.3584,list,1,related_snowflake_caching.csv
datediff snowflake,590,0.0,0.33,0.0,,0.358,datediff,2,competitor_select_dev.csv
snowflake tasks,590,0.0,0.33,0.0,,0.358,tasks,1,competitor_select_dev.csv
snowflake wiki,880,62.0,0.0,0.0,1,0.3569,wiki,1,related_snowflake_architecture_2026-06-18.csv
snowflake python connector,480,0.0,0.33,0.0,,0.3565,connector python,4,competitor_select_dev.csv
snowflake set,90,28.0,0.45,0.0,"2,3",0.3562,set,2,related_snowflake_caching.csv
snow flake icon,390,0.0,0.31,2.7,,0.3553,flake snow,2,competitor_select_dev.csv
snowflake data icon,390,0.0,0.33,0.0,,0.3553,data icon,1,competitor_select_dev.csv
snowflake db,720,62.0,0.27,3.79,1,0.3547,db,1,related_snowflake_credits.csv
capital one slingshot,320,0.0,0.42,7.22,,0.3543,capital one,1,competitor_select_dev.csv
snowflake icons,320,0.0,0.31,2.7,,0.3543,icons,1,competitor_select_dev.csv
local search optimization service,260,0.0,0.33,0.0,,0.3535,local search,1,competitor_select_dev.csv
snowflake use secondary roles,260,0.0,0.33,0.0,,0.3535,secondary use,1,competitor_select_dev.csv
snowflake window,260,0.0,0.35,0.0,,0.3535,window,1,competitor_select_dev.csv
snowflake query_history,260,0.0,0.33,0.0,,0.3535,history query,2,competitor_select_dev.csv
data lake vs data lakehouse,390,31.0,0.42,1.82,0,0.3528,data lake,12,related_snowflake_warehouse.csv
databricks vs snowflake comparison,170,0.0,0.42,19.75,,0.3523,databricks vs,7,competitor_keebo_ai.csv
snowflake databricks,170,0.0,0.35,10.66,,0.3523,databricks,4,competitor_keebo_ai.csv
databricks snowflake,170,0.0,0.33,9.26,,0.3523,databricks,4,competitor_keebo_ai.csv
snowflake cost calculator,110,30.0,0.19,4.17,"2,3",0.3515,calculator cost,1,related_snowflake_credits.csv
databricks and snowflake,110,0.0,0.34,20.78,,0.3515,databricks,4,competitor_keebo_ai.csv
snowflake partitions,70,0.0,0.33,0.0,,0.3509,partitions,1,competitor_keebo_ai.csv
espressolabs,70,0.0,0.33,0.0,,0.3509,espressolabs,1,competitor_espresso_ai.csv
snowflake alter warehouse,50,30.0,0.01,0.0,"2,3",0.3507,alter warehouse,2,broad_snowflake_warehouse.csv
reduce snowflake costs,50,20.0,0.95,20.54,1,0.3507,costs reduce,3,related_snowflake_cost_optimization.csv
ekkobar,50,0.0,0.33,0.0,,0.3507,ekkobar,1,competitor_keebo_ai.csv
finops platform,50,0.0,0.53,24.89,,0.3507,finops platform,1,competitor_keebo_ai.csv
snowflake cost model,50,0.0,0.43,5.72,,0.3507,cost model,1,competitor_keebo_ai.csv
snowflake artificial intelligence,50,0.0,0.32,5.67,,0.3507,artificial intelligence,1,competitor_espresso_ai.csv
finops inform optimize operate,50,0.0,0.35,10.7,,0.3507,finops inform,1,competitor_espresso_ai.csv
snowflake ai event,50,0.0,0.33,0.0,,0.3507,ai event,1,competitor_espresso_ai.csv
snowflake cache,40,0.0,0.01,0.0,,0.3505,cache,3,broad_snowflake_caching.csv
espresso systems careers,40,0.0,0.33,0.0,,0.3505,espresso systems,1,competitor_espresso_ai.csv
hire espresso developers,40,0.0,0.41,18.43,,0.3505,espresso hire,1,competitor_espresso_ai.csv
espresso.ai ceo,40,0.0,0.33,0.0,,0.3505,ai espresso,3,competitor_espresso_ai.csv
snowflake credits to dollars,30,0.0,0.02,0.0,,0.3504,credits dollars,1,broad_snowflake_credits.csv
managed snowflake warehouse pricing 20 data sources,30,0.0,0.0,0.0,,0.3504,managed warehouse,1,broad_snowflake_pricing.csv
query accelerator,30,0.0,0.33,0.0,,0.3504,accelerator query,1,positioning_terms.csv
credits snowflake,20,0.0,0.33,0.0,,0.3503,credits,2,broad_snowflake_credits.csv
snowflake 1 credit cost,20,0.0,0.33,0.0,,0.3503,cost credit,5,broad_snowflake_credits.csv
snowflake compute cost per credit,20,0.0,0.33,0.0,,0.3503,compute cost,2,broad_snowflake_credits.csv
snowflake credit calculator,20,0.0,0.33,0.0,,0.3503,calculator credit,1,broad_snowflake_credits.csv
snowflake credit consumption,20,0.0,0.33,0.0,,0.3503,consumption credit,2,broad_snowflake_credits.csv
snowflake credit cost per hour,20,0.0,0.33,0.0,,0.3503,cost credit,5,broad_snowflake_credits.csv
snowflake credit rating,20,0.0,0.33,0.0,,0.3503,credit rating,1,broad_snowflake_credits.csv
snowflake credit usage,20,0.0,0.33,0.0,,0.3503,credit usage,5,broad_snowflake_credits.csv
snowflake credit usage query,20,0.0,0.0,0.0,,0.3503,credit usage,5,broad_snowflake_credits.csv
snowflake credits by warehouse size,20,0.0,0.33,0.0,,0.3503,by credits,1,broad_snowflake_credits.csv
snowflake credits per warehouse,20,0.0,0.33,0.0,,0.3503,credits per,3,broad_snowflake_credits.csv
snowflake credits_used_cloud_services,20,0.0,0.33,0.0,,0.3503,credits used,2,broad_snowflake_credits.csv
snowflake free credits,20,0.0,0.33,0.0,,0.3503,credits free,1,broad_snowflake_credits.csv
cache snowflake,20,0.0,0.33,0.0,,0.3503,cache,3,broad_snowflake_caching.csv
clear cache in snowflake,20,0.0,0.33,0.0,,0.3503,cache clear,5,broad_snowflake_caching.csv
clear snowflake cache,20,0.0,0.33,0.0,,0.3503,cache clear,5,broad_snowflake_caching.csv
metadata cache snowflake,20,0.0,0.33,0.0,,0.3503,cache metadata,3,broad_snowflake_caching.csv
result cache snowflake,20,0.0,0.33,0.0,,0.3503,cache result,2,broad_snowflake_caching.csv
snowflake data cache,20,0.0,0.33,0.0,,0.3503,cache data,1,broad_snowflake_caching.csv
snowflake disable cache,20,0.0,0.33,0.0,,0.3503,cache disable,2,broad_snowflake_caching.csv
snowflake disable result cache,20,0.0,0.33,0.0,,0.3503,disable result,2,broad_snowflake_caching.csv
snowflake do not use cache,20,0.0,0.33,0.0,,0.3503,do not,1,broad_snowflake_caching.csv
snowflake metadata cache,20,0.0,0.33,0.0,,0.3503,cache metadata,3,broad_snowflake_caching.csv
snowflake mfa caching,20,0.0,0.33,0.0,,0.3503,caching mfa,1,broad_snowflake_caching.csv
snowflake run query without cache,20,0.0,0.33,0.0,,0.3503,query run,1,broad_snowflake_caching.csv
snowflake turn off cache,20,0.0,0.33,0.0,,0.3503,off turn,1,broad_snowflake_caching.csv
snowflake use_cached_result,20,0.0,0.33,0.0,,0.3503,cached use,4,broad_snowflake_caching.csv
types of caches in snowflake,20,0.0,0.33,0.0,,0.3503,caches types,1,broad_snowflake_caching.csv
types of caching in snowflake,20,0.0,0.33,0.0,,0.3503,caching types,1,broad_snowflake_caching.csv
use_cached_result snowflake,20,0.0,0.33,0.0,,0.3503,cached use,4,broad_snowflake_caching.csv
snowflake auto suspend,20,0.0,0.33,0.0,,0.3503,auto suspend,1,seed_overview.csv
best snowflake cost optimization solutions,20,0.0,0.0,0.0,,0.3503,best cost,9,broad_snowflake_cost_optimization.csv
cost optimization in snowflake,20,0.0,0.43,5.13,,0.3503,cost optimization,20,broad_snowflake_cost_optimization.csv
snowflake cost optimization ai automation 2025,20,0.0,0.0,0.0,,0.3503,cost optimization,20,broad_snowflake_cost_optimization.csv
snowflake cost optimization for enterprise,20,0.0,0.0,0.0,,0.3503,cost optimization,20,broad_snowflake_cost_optimization.csv
snowflake cost optimization techniques,20,0.0,0.43,0.0,,0.3503,cost optimization,20,broad_snowflake_cost_optimization.csv
snowflake cost optimizer rockset,20,0.0,0.0,0.0,,0.3503,cost optimizer,1,broad_snowflake_cost_optimization.csv
bigquery vs snowflake pricing,20,0.0,0.33,0.0,,0.3503,bigquery vs,1,broad_snowflake_pricing.csv
pricing snowflake,20,0.0,0.33,0.0,,0.3503,pricing,2,broad_snowflake_pricing.csv
redshift vs snowflake pricing,20,0.0,0.33,0.0,,0.3503,redshift vs,1,broad_snowflake_pricing.csv
snowflake aws pricing,20,0.0,0.33,0.0,,0.3503,aws pricing,2,broad_snowflake_pricing.csv
snowflake business critical pricing,20,0.0,0.33,0.0,,0.3503,business critical,1,broad_snowflake_pricing.csv
snowflake copilot pricing,20,0.0,0.33,0.0,,0.3503,copilot pricing,1,broad_snowflake_pricing.csv
snowflake data marketplace pricing,20,0.0,0.0,0.0,,0.3503,data marketplace,1,broad_snowflake_pricing.csv
snowflake database pricing,20,0.0,0.33,5.59,,0.3503,database pricing,1,broad_snowflake_pricing.csv
snowflake edition pricing,20,0.0,0.07,0.0,,0.3503,edition pricing,1,broad_snowflake_pricing.csv
snowflake enterprise pricing,20,0.0,0.33,5.1,,0.3503,enterprise pricing,1,broad_snowflake_pricing.csv
finout data cost optimization snowflake migration,10,0.0,0.0,0.0,,0.3501,data finout,2,broad_snowflake_cost_optimization.csv
finout snowflake cost optimization finout review,10,0.0,0.0,0.0,,0.3501,cost finout,1,broad_snowflake_cost_optimization.csv
snowflake cost monitoring and optimization platforms,10,0.0,0.0,0.0,,0.3501,cost monitoring,2,broad_snowflake_cost_optimization.csv
snowflake cost optimization best practices 2025,10,0.0,0.0,0.0,,0.3501,cost optimization,20,broad_snowflake_cost_optimization.csv
snowflake optimizer,10,0.0,0.2,5.51,,0.3501,optimizer,1,positioning_terms.csv
aws proxy,140,62.0,0.11,6.88,1,0.3469,aws proxy,2,related_database_proxy_2026-06-18.csv
snowflake cloud data platform,390,64.0,0.1,5.17,1,0.3453,cloud data,6,related_snowflake_architecture_2026-06-18.csv
data lake versus data warehouse,720,46.0,0.31,1.17,"1,0",0.3447,data lake,12,related_snowflake_warehouse.csv
snowflake data warehouse features,40,43.0,0.5,0.0,1,0.343,data warehouse,40,broad_snowflake_warehouse.csv
data lake vs edw,590,46.0,0.31,1.17,"1,0",0.343,data lake,12,related_snowflake_warehouse.csv
snowflake storage,140,34.0,0.29,5.87,"2,3",0.3419,storage,1,related_snowflake_credits.csv
proxysql,480,26.0,0.01,4.39,2,0.3415,proxysql,1,related_database_proxy_2026-06-18.csv
snowflake pricing per credit 2024,70,34.0,0.0,0.0,"2,3",0.3409,per pricing,1,broad_snowflake_credits.csv
snowflake docs,320,29.0,0.01,2.45,2,0.3318,docs,1,related_snowflake_architecture_2026-06-18.csv
snowflake cloud service,90,48.0,0.41,5.29,"1,2",0.3312,cloud service,1,related_snowflake_pricing.csv
snowflake cloud services,170,50.0,0.41,5.29,1,0.3273,cloud services,1,related_snowflake_credits.csv
warehouse of speed,170,33.0,0.03,0.0,2,0.3198,speed warehouse,1,related_snowflake_credits.csv
describe warehouse snowflake,70,23.0,0.33,0.0,"2,3",0.3184,describe warehouse,1,broad_snowflake_warehouse.csv
finout cloud cost management snowflake cost optimization,50,14.0,0.0,0.0,2,0.3157,cloud finout,1,related_snowflake_cost_optimization.csv
snowflake credit pricing,70,35.0,0.1,0.0,2,0.3134,credit pricing,1,broad_snowflake_credits.csv
snowflake compute,90,46.0,0.27,5.68,"2,3",0.3112,compute,1,related_snowflake_pricing.csv
snowflake update table,110,17.0,0.0,0.0,2,0.309,table update,2,related_snowflake_caching.csv
snowflake price,480,40.0,0.01,2.95,2,0.3065,price,1,related_snowflake_credits.csv
aws rds proxy pricing,90,68.0,0.33,0.0,3,0.3062,aws rds,10,related_database_proxy_2026-06-18.csv
snowflake snow,390,80.0,0.13,4.07,1,0.3053,snow,2,related_snowflake_architecture_2026-06-18.csv
snowflake cost optimization,260,0.0,0.77,22.23,,0.3035,cost optimization,20,competitor_select_dev.csv
snowflake cyber security,170,30.0,0.35,10.01,3,0.3023,cyber security,1,related_snowflake_best_practices_2026-06-18.csv
databricks performance optimization,50,0.0,0.63,11.02,,0.3007,databricks performance,1,competitor_keebo_ai.csv
snowflake clear cache,30,0.0,0.33,0.0,,0.3004,cache clear,5,broad_snowflake_caching.csv
expresso.com,30,0.0,0.9,3.0,,0.3004,com expresso,1,competitor_espresso_ai.csv
disable cache snowflake,20,0.0,0.33,0.0,,0.3003,cache disable,2,broad_snowflake_caching.csv
snowflake disable query cache,20,0.0,0.33,0.0,,0.3003,disable query,1,broad_snowflake_caching.csv
cach ve snowflake,10,0.0,0.33,0.0,,0.3001,cach ve,1,broad_snowflake_caching.csv
cách vẽ snowflake,10,0.0,0.33,0.0,,0.3001,c ch,1,broad_snowflake_caching.csv
alter warehouse snowflake,50,33.0,0.33,0.0,"2,3",0.2932,alter warehouse,2,broad_snowflake_warehouse.csv
introduction to snowflake pricing models,210,24.0,0.0,0.0,2,0.2928,introduction pricing,1,related_snowflake_credits.csv
amazon proxy,170,54.0,0.06,4.43,0,0.2923,amazon proxy,1,related_database_proxy_2026-06-18.csv
snowflake platform,320,68.0,0.35,4.26,1,0.2843,platform,1,related_snowflake_architecture_2026-06-18.csv
set snowflake,90,27.0,0.45,0.0,2,0.2837,set,2,related_snowflake_caching.csv
snowflake software,1600,76.0,0.35,3.37,"1,2",0.2816,software,1,related_snowflake_architecture_2026-06-18.csv
amazon rds proxy documentation,40,49.0,0.33,0.0,2,0.278,amazon rds,2,related_database_proxy_2026-06-18.csv
snowflake pricing,1300,36.0,0.16,6.6,2,0.2776,pricing,2,related_snowflake_credits.csv
select dev,90,31.0,0.19,25.0,2,0.2737,dev select,1,related_snowflake_cost_optimization.csv
snowflake pricing guide,50,32.0,0.14,0.0,2,0.2707,guide pricing,1,broad_snowflake_pricing.csv
warehouse options,140,34.0,0.07,5.25,2,0.2669,options warehouse,1,related_snowflake_credits.csv
rds proxy price,70,49.0,0.0,0.0,2,0.2284,proxy rds,7,related_database_proxy_2026-06-18.csv
ymysql,40,79.0,0.02,3.37,"2,0",0.228,ymysql,1,related_database_proxy_2026-06-18.csv
myxql,390,89.0,0.02,3.37,2,0.1828,myxql,1,related_database_proxy_2026-06-18.csv
sysql,90,86.0,0.02,3.37,2,0.1362,sysql,1,related_database_proxy_2026-06-18.csv
